doc_title,chunk_id,T0,T1,T2,T3,T4
ASHPUTTEL,0,0.008585362108307385,0.7462309172165413,0.008478346199126529,0.12077300149631232,0.1159323729797125
ASHPUTTEL,1,0.009441983076501865,0.009327851377650749,0.9625229017363285,0.009391419918124611,0.00931584389139431
ASHPUTTEL,2,0.008230849060931926,0.4533462434811205,0.5221136164609598,0.008125496583412037,0.008183794413575836
ASHPUTTEL,3,0.011220309425537194,0.9546711090803431,0.011569025725877256,0.0112679598526877,0.011271595915554756
ASHPUTTEL,4,0.016803802571331013,0.5249837125798543,0.017035148153967457,0.016808304248872065,0.4243690324459751
ASHPUTTEL,5,0.008889590718403385,0.008861230441688036,0.9646907337757986,0.00879422748852894,0.008764217575580982
ASHPUTTEL,6,0.009205467426232477,0.26618410346005267,0.7059389472330102,0.009314621288023158,0.009356860592681544
ASHPUTTEL,7,0.008849998980179285,0.008847386161330474,0.9647827414762786,0.008798608975621795,0.008721264406589761
ASHPUTTEL,8,0.008116776659195678,0.591643229895225,0.3839798050638546,0.008146791407785963,0.008113396973938636
ASHPUTTEL,9,0.00949332778200463,0.4829180944017803,0.3563323862390912,0.009302875998283647,0.14195331557884036
ASHPUTTEL,10,0.3265018125435282,0.17692545317421474,0.4776143110629775,0.009371970732030827,0.009586452487248596
ASHPUTTEL,11,0.008269833750976905,0.6456760528389212,0.3298526813354669,0.00811287428159868,0.00808855779303629
ASHPUTTEL,12,0.3110111779828041,0.5792760559274118,0.08933687893987659,0.010265717464551221,0.010110169685356444
ASHPUTTEL,13,0.008818025297222285,0.503386382623878,0.4701844434927886,0.008811446258728822,0.008799702327382305
ASHPUTTEL,14,0.1674938186686449,0.5417092372967433,0.00781636747933862,0.2750537518357609,0.007926824719512254
ASHPUTTEL,15,0.009227311002391806,0.16415328517296007,0.009187396535909763,0.8081580975507755,0.009273909737962816
ASHPUTTEL,16,0.007508690215959293,0.007483048920794168,0.007554568808726897,0.9699075013852534,0.007546190669266312
ASHPUTTEL,17,0.009156726086020807,0.16848873301194023,0.009173093852791935,0.8039154986089708,0.009265948440276235
ASHPUTTEL,18,0.010172847823542303,0.3250393051081878,0.010171039306820872,0.6441561516220137,0.010460656139435271
ASHPUTTEL,19,0.009268990361397484,0.00945830440129398,0.009219230029981897,0.9628810143494347,0.009172460857892003
BRIAR ROSE,0,0.07843903337343094,0.5372381144741365,0.006335444818287218,0.006335238361299732,0.3716521689728456
BRIAR ROSE,1,0.11761486405468398,0.6138961565924541,0.007564747856738236,0.0075088108275428575,0.2534154206685808
BRIAR ROSE,2,0.007039373127781781,0.6501498240070297,0.007015464504660294,0.006991649523177079,0.32880368883735095
BRIAR ROSE,3,0.008793403257761906,0.6627070238522568,0.008751761918402637,0.008732279975951308,0.3110155309956274
BRIAR ROSE,4,0.010778533293564142,0.6713914637083954,0.010676856978344095,0.010756198945328551,0.2963969470743678
BRIAR ROSE,5,0.45110273686320124,0.18135328891120472,0.007539363913508933,0.007550773151967722,0.3524538371601173
BRIAR ROSE,6,0.2914855249273384,0.007606697336649151,0.007610339306452387,0.3394540782793208,0.3538433601502393
BRIAR ROSE,7,0.06732643556616058,0.40108643713487646,0.06363233335009974,0.00721454082545272,0.46074025312341055
BRIAR ROSE,8,0.22903947884867573,0.01212305676021565,0.08678254526126558,0.011891454111817117,0.6601634650180259
BRIAR ROSE,9,0.45688165756317384,0.008159054299972372,0.5182492093500793,0.008456228557301122,0.008253850229473156
BRIAR ROSE,10,0.4105933726724758,0.009052240816705021,0.5624542524408794,0.00894781560242924,0.008952318467510505
BRIAR ROSE,11,0.7335877203043725,0.11635650079629486,0.0090177748660549,0.008905813141858877,0.13213219089141887
CAT AND MOUSE IN PARTNERSHIP,0,0.01009823523436207,0.010109300072036512,0.010335378609544157,0.9592708515610086,0.0101862345230487
CAT AND MOUSE IN PARTNERSHIP,1,0.011922823477671261,0.08765485813632838,0.011844237482812119,0.8767722688414933,0.01180581206169512
CAT AND MOUSE IN PARTNERSHIP,2,0.00947130944939888,0.009371542060954311,0.009197356775432148,0.9627744316658345,0.00918536004838002
CAT AND MOUSE IN PARTNERSHIP,3,0.00847005099037359,0.008414916089115439,0.00848432445290982,0.9662404035231961,0.008390304944405041
CAT AND MOUSE IN PARTNERSHIP,4,0.010261624831837592,0.010295012977766308,0.15690977933607034,0.812288992397388,0.010244590456937697
CAT AND MOUSE IN PARTNERSHIP,5,0.010218738574598913,0.010167188440233683,0.1521656467728441,0.8172291119523349,0.010219314259988267
CAT AND MOUSE IN PARTNERSHIP,6,0.010126379480984165,0.010155749949943211,0.010109143571268473,0.9594710524542748,0.010137674543529488
CAT AND MOUSE IN PARTNERSHIP,7,0.01865022798748325,0.01835480585728558,0.14914608688317327,0.7952164839418066,0.018632395330251423
CAT-SKIN,0,0.009626759430647908,0.9614936405709887,0.009600936804431644,0.009632493517142094,0.00964616967678957
CAT-SKIN,1,0.010120238806484081,0.75814094582252,0.010151845868335502,0.010196992026360444,0.21138997747630003
CAT-SKIN,2,0.23230356818753584,0.4369343057307543,0.30910159006599053,0.010784424494057436,0.010876111521661819
CAT-SKIN,3,0.30883889652271046,0.010789281077610265,0.010785108062475079,0.010649248808152047,0.6589374655290521
CAT-SKIN,4,0.0073864069773278895,0.007364790591152705,0.9706744243547347,0.007262115029525821,0.007312263047258888
CAT-SKIN,5,0.007761759446341894,0.16161064063087943,0.6002718737537132,0.007860465165100703,0.22249526100396483
CAT-SKIN,6,0.008256256726280857,0.008172214762044123,0.4320003480920481,0.008190076480038862,0.543381103939588
CAT-SKIN,7,0.007584668759758303,0.5000121557917706,0.47725957041539296,0.007529240298745927,0.00761436473433214
CAT-SKIN,8,0.007255475213293634,0.0073488049831919675,0.3677766533382923,0.0072475921091899,0.6103714743560322
CAT-SKIN,9,0.009169463286689586,0.009263863123283072,0.009225789333498468,0.009219294238962839,0.963121590017566
CAT-SKIN,10,0.010580475712964253,0.1899854333445445,0.010703260639182954,0.010659534028246806,0.7780712962750613
CAT-SKIN,11,0.009059368460026215,0.008854192330071313,0.008834651248924213,0.008763879690546865,0.9644879082704314
CAT-SKIN,12,0.010275291656051145,0.010148836563114537,0.010551198785573212,0.010026353670151871,0.9589983193251093
CAT-SKIN,13,0.16134302068820341,0.00975370276461259,0.009654320740938756,0.009941477851591088,0.8093074779546542
CAT-SKIN,14,0.008670615624067611,0.008548210652499897,0.44668389238655043,0.008788856845644313,0.5273084244912377
CAT-SKIN,15,0.00930322542411801,0.009437565751670166,0.4390660742021515,0.009657299579129046,0.5325358350429313
CAT-SKIN,16,0.020330383514484792,0.6892906652765204,0.020296431140272214,0.020390029626024955,0.24969249044269762
CLEVER ELSIE,0,0.007242025918859103,0.8212953186726103,0.007234303725284324,0.15704220326918006,0.007186148414066249
CLEVER ELSIE,1,0.011893345796387535,0.6666974556230669,0.011891824804631504,0.2337628990047155,0.07575447477119841
CLEVER ELSIE,2,0.007908920746908348,0.6996743855714227,0.007824304545942483,0.2125785554849731,0.07201383365075348
CLEVER ELSIE,3,0.006936313969680914,0.9721097774234448,0.006949072132672608,0.007055910049285987,0.006948926424915632
CLEVER ELSIE,4,0.18394843379090464,0.7885861830464563,0.009151783013389049,0.009198443296401645,0.00911515685284828
CLEVER ELSIE,5,0.010609307072523097,0.9573889213033658,0.010635788908637462,0.010629075586213408,0.010736907129260214
CLEVER ELSIE,6,0.014421648919848854,0.695011751454073,0.01437712973461532,0.26185015535413975,0.014339314537323138
CLEVER ELSIE,7,0.0121509356219995,0.09157975432955885,0.011829771713435062,0.7330696883992943,0.15136984993571215
CLEVER ELSIE,8,0.01070169963330219,0.010795338199600787,0.010665923663271432,0.9571947671384192,0.010642271365406283
CLEVER ELSIE,9,0.012145668964375031,0.011955517862923534,0.012011325541159282,0.9518915446331501,0.01199594299839202
CLEVER GRETEL,0,0.009648428287437855,0.00997698349304872,0.009675803910257842,0.9609580643028686,0.009740720006387042
CLEVER GRETEL,1,0.01448419935189722,0.014285936247529019,0.014367737187979932,0.9424953027391285,0.014366824473465288
CLEVER GRETEL,2,0.011315922100476543,0.01116575769340512,0.011219155324451616,0.9550992182079723,0.01119994667369443
CLEVER GRETEL,3,0.018438800370292177,0.018495337383073934,0.018295958713208365,0.9264709403248983,0.018298963208527325
CLEVER GRETEL,4,0.011244759576210054,0.011248488007710887,0.011138354285406538,0.9552398876354226,0.01112851049525
CLEVER GRETEL,5,0.011867259843646004,0.011870685572730886,0.23059092922752736,0.7338371241222882,0.011834001233807514
CLEVER GRETEL,6,0.014422804743259438,0.014408954453048704,0.26635247485461966,0.690315346792698,0.01450041915637426
CLEVER HANS,0,0.006098467298114922,0.006104202215017018,0.006074871183823163,0.9444434790007025,0.037278980302342356
CLEVER HANS,1,0.005296531082598669,0.0053068026228852505,0.005280339118558474,0.9788401516479619,0.005276175527995639
CLEVER HANS,2,0.0051820964426786435,0.005173484393132639,0.005155016160925923,0.9793346827649725,0.005154720238290313
CLEVER HANS,3,0.006592916476392437,0.0066164042853081315,0.04767565828758716,0.9325740206829447,0.00654100026776749
CLEVER HANS,4,0.005946133776026828,0.0059260620843514696,0.005924422138970868,0.9762941865915898,0.005909195409060969
CLEVER HANS,5,0.006543863287955137,0.006507126296879719,0.0064933971779521605,0.9739749246907357,0.00648068854647737
CLEVER HANS,6,0.010142509873165369,0.010139632750267729,0.010106654124284407,0.9595747528526646,0.010036450399618028
DOCTOR KNOWALL,0,0.008041912629588461,0.00809302111553382,0.008053983030443924,0.008145664891043758,0.9676654183333901
DOCTOR KNOWALL,1,0.009265910259179215,0.009215575710285234,0.009192466398922329,0.00926654930039167,0.9630594983312215
DOCTOR KNOWALL,2,0.01087164721363503,0.01083686814622654,0.010559412111361301,0.010885671781711024,0.9568464007470661
DOCTOR KNOWALL,3,0.011928293980940438,0.011872551946532396,0.011828190019218886,0.011896381904629178,0.9524745821486791
DOCTOR KNOWALL,4,0.0095831301438035,0.009615122469284051,0.009626451699729761,0.00958684262207766,0.9615884530651051
DOCTOR KNOWALL,5,0.23671443059086003,0.00923722635743168,0.009598315391449126,0.009197938738695746,0.7352520889215635
FREDERICK AND CATHERINE,0,0.9525334884605343,0.011908898080034779,0.011781005299243521,0.011890012974499688,0.011886595185687694
FREDERICK AND CATHERINE,1,0.7035421684134939,0.009267038048406515,0.009199919703118882,0.2688380225936465,0.009152851241334149
FREDERICK AND CATHERINE,2,0.9629254320817077,0.009130990275739886,0.009285377141319275,0.009441181640590093,0.009217018860643212
FREDERICK AND CATHERINE,3,0.9569476870454546,0.010753974451010308,0.010597592030314079,0.011039337884696588,0.010661408588524211
FREDERICK AND CATHERINE,4,0.9573871698458702,0.010670783388798068,0.010598208192707926,0.010709953538663077,0.010633885033960812
FREDERICK AND CATHERINE,5,0.14383775566156753,0.507555198986427,0.013548106813336486,0.32149804563429196,0.01356089290437711
FREDERICK AND CATHERINE,6,0.5865155942468996,0.314680188623545,0.07812017991406488,0.010447549109558038,0.010236488105932466
FREDERICK AND CATHERINE,7,0.8288185873392528,0.010215483806881401,0.01011004422432863,0.010137975672826439,0.14071790895671066
FREDERICK AND CATHERINE,8,0.9525575956151213,0.011820717094472648,0.011859874788663459,0.011877531745042146,0.01188428075670045
FREDERICK AND CATHERINE,9,0.8767187984974683,0.01115845422338058,0.011177856170955945,0.011293321570619514,0.0896515695375757
FREDERICK AND CATHERINE,10,0.963341490348949,0.00914219777200885,0.00915419457891738,0.009195431038975898,0.009166686261149042
FREDERICK AND CATHERINE,11,0.9570923742485934,0.010668342936191288,0.010731075907403076,0.010902996941941362,0.010605209965870813
FREDERICK AND CATHERINE,12,0.7093303930475022,0.011234952806346028,0.011428374385823703,0.01137713313916691,0.25662914662116104
FREDERICK AND CATHERINE,13,0.8644949054009422,0.01267363646723117,0.0128374273418755,0.012727823707582579,0.09726620708236866
FREDERICK AND CATHERINE,14,0.7824284426693269,0.02048966074089479,0.02014893756125674,0.02018138056376512,0.15675157846475662
FUNDEVOGEL,0,0.011296715693040065,0.38719324086389373,0.5790677404199964,0.011314877890480747,0.011127425132589052
FUNDEVOGEL,1,0.20335257225399012,0.014508085400781849,0.48309633130315066,0.014491569119977774,0.2845514419220997
FUNDEVOGEL,2,0.5754087912380322,0.013708569645666597,0.38363198199852233,0.013544645473494987,0.013706011644283771
FUNDEVOGEL,3,0.012789376034794117,0.012581886998274238,0.9493198294989612,0.012630105519955826,0.012678801948014759
FUNDEVOGEL,4,0.015643318817258476,0.015495869267717555,0.9377279617585584,0.015624776224599315,0.015508073931866337
FUNDEVOGEL,5,0.013490548410642914,0.013405157474490649,0.9460991509704197,0.01357519613575132,0.013429947008695264
FUNDEVOGEL,6,0.41753968255919566,0.01062939922144055,0.5503502351925514,0.010785820851675466,0.010694862175136837
HANS IN LUCK,0,0.010642941780241073,0.010832065794913425,0.01061597853273633,0.9571703350091838,0.01073867888292541
HANS IN LUCK,1,0.12905689661656822,0.008964283470943909,0.008796664710248042,0.8442188470371055,0.008963308165134338
HANS IN LUCK,2,0.012009796199824403,0.012086420379550412,0.012091142666194741,0.6837791565913769,0.28003348416305357
HANS IN LUCK,3,0.01346957935540889,0.013541427093984091,0.1845241658237455,0.5342340886454798,0.2542307390813816
HANS IN LUCK,4,0.011963152012973016,0.012293949729857475,0.012015871414011031,0.9516226861662662,0.012104340676892355
HANS IN LUCK,5,0.19423574187884413,0.008234927343226625,0.008307614902581955,0.5703544829926644,0.21886723288268264
HANS IN LUCK,6,0.4799845177055271,0.009678207172241713,0.1429482761475335,0.3577289709585481,0.00966002801614957
HANS IN LUCK,7,0.13895945149600294,0.1286686250026071,0.23487001863740803,0.4878514146654651,0.0096504901985167
HANS IN LUCK,8,0.011347812606924447,0.011342861986956998,0.3420880476273478,0.6237809921098308,0.011440285668939948
HANS IN LUCK,9,0.01440637254416916,0.014356908460583424,0.7028415805418124,0.25392431545382577,0.014470822999609192
HANS IN LUCK,10,0.011241235580315194,0.011372112879588142,0.011331436303908411,0.21385052447900185,0.7522046907571865
HANS IN LUCK,11,0.011981389605286743,0.01206259709221325,0.7051807540034923,0.2585511692556861,0.012224090043321496
HANS IN LUCK,12,0.009208129668350006,0.00928608384219098,0.8180455273314556,0.15418278851261222,0.009277470645391167
HANS IN LUCK,13,0.3577936274542801,0.010111058410279353,0.32382589998529515,0.2980196568716041,0.01024975727854124
HANS IN LUCK,14,0.008197942697388822,0.008172839912017272,0.148702813967565,0.5282343196504629,0.3066920837725661
HANS IN LUCK,15,0.011428473891545022,0.6573666335180673,0.011447500623888699,0.011690883227416038,0.30806650873908287
HANS IN LUCK,16,0.011406158438758881,0.33559255262354815,0.5172199518049059,0.12445872633794655,0.011322610794840605
HANS IN LUCK,17,0.010155126221653541,0.6225225362565151,0.010287596131646141,0.14796028906520692,0.20907445232497818
HANSEL AND GRETEL,0,0.8238328539851106,0.1484424458942051,0.009232663942207377,0.009275884647100269,0.00921615153137649
HANSEL AND GRETEL,1,0.9610569920662654,0.009758431531739574,0.00985017011221311,0.009661108116654415,0.009673298173127488
HANSEL AND GRETEL,2,0.9675146477264912,0.008175362849612006,0.008046130935208744,0.008156155605656183,0.008107702883031776
HANSEL AND GRETEL,3,0.9675403545478993,0.008177430746437233,0.008081067932419327,0.008134252907295025,0.008066893865949153
HANSEL AND GRETEL,4,0.7565664763772902,0.00852108237000318,0.008600009467805229,0.2179100103378296,0.008402421447071796
HANSEL AND GRETEL,5,0.9645607812569083,0.008938116223437051,0.008954314640036841,0.008804639986428487,0.0087421478931893
HANSEL AND GRETEL,6,0.9675371314182708,0.0081863641503258,0.00810369572710566,0.00811103401069291,0.00806177469360489
HANSEL AND GRETEL,7,0.4916106799510943,0.22629990616017742,0.010285347844552966,0.26148227695667764,0.01032178908749771
HANSEL AND GRETEL,8,0.9663206539015586,0.008417836430235236,0.008420460003604373,0.008444157820512213,0.008396891844089588
HANSEL AND GRETEL,9,0.9646072386559814,0.008824358977629003,0.008879437906791732,0.00893347895599921,0.008755485503598521
HANSEL AND GRETEL,10,0.9663387027758797,0.00836856258797235,0.008399344610443494,0.008489370732674148,0.0084040192930304
HANSEL AND GRETEL,11,0.9610823275536288,0.009775786079106008,0.009905763228519134,0.009631169619168541,0.00960495351957751
HANSEL AND GRETEL,12,0.9570889409800705,0.010983449209539383,0.010682942198597535,0.010695711216749348,0.010548956395043432
HANSEL AND GRETEL,13,0.9662019020628378,0.008471418431469436,0.008406716557735951,0.008559851229668071,0.008360111718288639
HANSEL AND GRETEL,14,0.9656191383844349,0.008492581839697096,0.008731240534334425,0.008684331627817371,0.008472707613716154
HANSEL AND GRETEL,15,0.9448580213484007,0.013682641509588936,0.01408742520280528,0.013648825508659923,0.013723086430545185
HANSEL AND GRETEL,16,0.9587759541681993,0.010157573228754418,0.010415829645600571,0.010414327876931749,0.010236315080513921
HANSEL AND GRETEL,17,0.9547317430088367,0.011369443464382853,0.011290512815441363,0.01130250121529327,0.011305799496045855
HANSEL AND GRETEL,18,0.9460611631595401,0.013433920965510231,0.013446108906799953,0.01358980960273148,0.013468997365418187
HANSEL AND GRETEL,19,0.9672124859842882,0.008315495597201863,0.00817012559314093,0.008133453503786213,0.008168439321582606
HANSEL AND GRETEL,20,0.9647862295648729,0.008725203679201763,0.008791073076090134,0.008796279421413472,0.008901214258421752
HANSEL AND GRETEL,21,0.9645043999973388,0.008908566050693201,0.008834585259111039,0.008874269622385356,0.008878179070471651
HANSEL AND GRETEL,22,0.3056003470934525,0.01280739488293358,0.012943579958454281,0.2694599936383118,0.3991886844268478
IRON HANS,0,0.011314222925207956,0.25299324385737704,0.7130828923755816,0.011294831184263152,0.011314809657570027
IRON HANS,1,0.011305436342945775,0.8157733438463507,0.15020709047121322,0.011425079904649449,0.011289049434840787
IRON HANS,2,0.007594679657388184,0.9695861601273712,0.007583775987408867,0.007532099272146212,0.0077032849556856
IRON HANS,3,0.007938488198318492,0.968610051663944,0.007823287426686077,0.007788058209445241,0.007840114501606196
IRON HANS,4,0.16675038608509118,0.8054013406830863,0.009361715968729098,0.009257276349302079,0.009229280913791217
IRON HANS,5,0.4252685174371434,0.5456179218574403,0.009698428199133677,0.00968029914510735,0.00973483336117534
IRON HANS,6,0.38827772217750706,0.297838607650654,0.010164028386801253,0.2934348048952253,0.010284836889812398
IRON HANS,7,0.009674749368806529,0.5285318755198498,0.009629711954769844,0.44238317255846676,0.009780490598107143
IRON HANS,8,0.012731158829675846,0.5318849934677234,0.012823919224182086,0.26058377225714247,0.18197615622127614
IRON HANS,9,0.009793335661233919,0.7936219098461629,0.00962558220433467,0.009787005472905327,0.17717216681536338
IRON HANS,10,0.009251602246972546,0.24224210087084672,0.009335444043338212,0.08076994106629375,0.6584009117725487
IRON HANS,11,0.008090362487190049,0.31494792215049044,0.008454684892285652,0.008450504933124313,0.6600565255369095
IRON HANS,12,0.007845008537758524,0.968582262113002,0.007833804127733924,0.007786971384660163,0.007951953836845225
IRON HANS,13,0.010067723559467764,0.9595731843619101,0.010128369740206197,0.010150874466180454,0.010079847872235443
IRON HANS,14,0.10290472468639723,0.7863683881223393,0.01280841263584469,0.012674665374623107,0.0852438091807956
IRON HANS,15,0.01189275529589692,0.4627542125773678,0.2890093352155824,0.011948494852720454,0.22439520205843252
IRON HANS,16,0.08906821719554053,0.8784661499057429,0.010706263692566859,0.01101312874638835,0.010746240459761415
IRON HANS,17,0.008073897518239524,0.9675170709413409,0.008119786696186881,0.00808434529353541,0.008204899550697373
IRON HANS,18,0.011915217752231819,0.7228887297110459,0.012043160444833672,0.011985690807656338,0.24116720128423236
IRON HANS,19,0.008770735268669727,0.9645753750942282,0.008743062324957541,0.009138434092329334,0.008772393219815239
IRON HANS,20,0.012547259618766125,0.7908825630605119,0.01255506025904459,0.17120623622106174,0.01280888084061566
IRON HANS,21,0.008762760518620157,0.8242971724130895,0.1489950301971381,0.009026872507305168,0.008918164363846962
IRON HANS,22,0.009440620838196299,0.9627358605407031,0.009381923095813661,0.009237202776390376,0.009204392748896732
IRON HANS,23,0.011226561142802087,0.9551342163755291,0.011223765099647452,0.011156242505268088,0.011259214876753477
IRON HANS,24,0.011846299718182114,0.9522866050565554,0.011820191179234042,0.012176674699154021,0.01187022934687453
JORINDA AND JORINDEL,0,0.17329883492532783,0.008241246610584934,0.191773523565371,0.00813028869419156,0.6185561062045247
JORINDA AND JORINDEL,1,0.698673770946212,0.008096635528599374,0.008133590340295354,0.008064954899534005,0.27703104828535924
JORINDA AND JORINDEL,2,0.7564394106111342,0.06962426391637837,0.15453083630670555,0.0096736911840704,0.009731797981711445
JORINDA AND JORINDEL,3,0.5137514049710405,0.457082936032452,0.009812673095476131,0.009653396279338053,0.00969958962169317
JORINDA AND JORINDEL,4,0.4863124644971617,0.011915562955524088,0.011909395461349828,0.011821416531856862,0.47804116055410767
JORINDA AND JORINDEL,5,0.8740389327487444,0.00919927805389524,0.09823334390695868,0.009186439246311958,0.009342006044089626
JORINDA AND JORINDEL,6,0.9632549982869898,0.009200782520059665,0.009159380445669385,0.009171636345938323,0.009213202401342706
JORINDA AND JORINDEL,7,0.9595469641923361,0.010050892663938429,0.010130084351289138,0.01006759880754119,0.01020445998489521
JORINDA AND JORINDEL,8,0.9372940803631259,0.015703461657667183,0.01561509490377737,0.015789954669662903,0.015597408405766773
KING GRISLY-BEARD,0,0.015655172209524053,0.016022350328310286,0.015573160550472974,0.015528456013360946,0.9372208608983318
KING GRISLY-BEARD,1,0.016727468688074176,0.3362401325484019,0.2184845891657246,0.01686125947738598,0.4116865501204133
KING GRISLY-BEARD,2,0.15717718368973627,0.2343668137133511,0.00920739133712028,0.009164798392765735,0.5900838128670266
KING GRISLY-BEARD,3,0.010934355525510498,0.010702660403430144,0.010675238067684676,0.010708554814201597,0.956979191189173
KING GRISLY-BEARD,4,0.17968067510130845,0.009631625441698662,0.009862546975198585,0.009687161958061418,0.7911379905237329
KING GRISLY-BEARD,5,0.5477200518799414,0.011978571832141856,0.011862230130681214,0.011976955121777886,0.41646219103545745
KING GRISLY-BEARD,6,0.3019127253067644,0.012845282225402882,0.01264648722070452,0.012784450821532239,0.659811054425596
KING GRISLY-BEARD,7,0.4693230198975321,0.010106198923480846,0.010308979211880974,0.010274879696275632,0.4999869222708305
KING GRISLY-BEARD,8,0.011415743066239143,0.10677000679086496,0.2642510135394024,0.01123255218044441,0.606330684423049
KING GRISLY-BEARD,9,0.20917154885871006,0.12228888231355302,0.012753884035123219,0.012650925931280366,0.6431347588613334
KING GRISLY-BEARD,10,0.956959628406007,0.010711513519756766,0.01072944179040373,0.01059473626680468,0.011004680017027936
KING GRISLY-BEARD,11,0.9088852414419003,0.023168373161494143,0.022552764765586594,0.022714712872407488,0.02267890775861155
LILY AND THE LION,0,0.008546780879188951,0.33367206091072255,0.008488213215516655,0.15595294923457967,0.4933399957599922
LILY AND THE LION,1,0.01072594028721501,0.010756332656372845,0.010778521340302263,0.7814410496054672,0.18629815611064265
LILY AND THE LION,2,0.010646209955326124,0.4039594324645588,0.010638747938069688,0.5639163672277725,0.01083924241427292
LILY AND THE LION,3,0.012748710809534271,0.2593216502147811,0.012714836969013538,0.7024636991744464,0.012751102832224642
LILY AND THE LION,4,0.009340366997405453,0.009406439939113548,0.009290592323130996,0.009392349066226265,0.9625702516741238
LILY AND THE LION,5,0.7921319041159649,0.010888975663591791,0.010654938927834822,0.01082956692090218,0.17549461437170638
LILY AND THE LION,6,0.9542978267419024,0.011441140877008751,0.011254583034829936,0.01147097220729462,0.011535477138964344
LILY AND THE LION,7,0.9546546547808553,0.011270085796588518,0.011317094288426584,0.011319499692244854,0.011438665441884951
LILY AND THE LION,8,0.9490070564706895,0.01294189379349751,0.012686578285806323,0.012709907462161276,0.01265456398784531
LILY AND THE LION,9,0.9738712769527202,0.006498854920605625,0.006540213579377578,0.006562303401707593,0.006527351145588867
LILY AND THE LION,10,0.8999498613039154,0.008401790632110502,0.008540405255214776,0.008423738738539596,0.07468420407021961
LILY AND THE LION,11,0.9487414343922456,0.012649157092935303,0.012987790850858896,0.012775417415199093,0.012846200248761194
LILY AND THE LION,12,0.4021762402999195,0.008144738038065246,0.008084977306936886,0.008126623405165626,0.5734674209499128
LILY AND THE LION,13,0.008944581983095154,0.009007479220377592,0.008804630484666917,0.008841608862795048,0.9644016994490653
LILY AND THE LION,14,0.5244190486229746,0.008427632163257353,0.008431993282733462,0.008446024786226391,0.4502753011448082
LILY AND THE LION,15,0.662379861681861,0.009756775105415652,0.009648145419868618,0.009842708178429563,0.3083725096144253
LILY AND THE LION,16,0.5709814658383674,0.00926689985962488,0.00918647597083273,0.009277396294175762,0.4012877620369993
LILY AND THE LION,17,0.45845613975757626,0.012147648833444233,0.011927876906552063,0.012008627857022275,0.5054597066454051
MOTHER HOLLE,0,0.012084131827804634,0.9519810368270458,0.011901241767790213,0.012003675462481619,0.012029914114877631
MOTHER HOLLE,1,0.9182121413256029,0.020796177188969783,0.02021260805522667,0.020342038142459454,0.020437035287741198
MOTHER HOLLE,2,0.8090299044144854,0.15877471768095824,0.010893686332098607,0.010665648544231488,0.0106360430282263
MOTHER HOLLE,3,0.7542808026794467,0.01077378791238917,0.010699788317281422,0.01081110574318905,0.21343451534769367
MOTHER HOLLE,4,0.012752988077663214,0.012799235282851689,0.012743503699278501,0.9487643122409929,0.012939960699213732
MOTHER HOLLE,5,0.009219034456153352,0.7789604068795645,0.009192374755145984,0.19334404416703949,0.009284139742096763
MOTHER HOLLE,6,0.01283994243610862,0.861847421636935,0.01256611180845165,0.10016849110160343,0.012578033016901278
MOTHER HOLLE,7,0.9421378544056639,0.014594766749013497,0.014388379027597554,0.014496327660762892,0.014382672156962142
MOTHER HOLLE,8,0.9453305923037505,0.013759671876697176,0.013467801210061804,0.013781614262383604,0.013660320347106826
MOTHER HOLLE,9,0.012814754799423457,0.35036080998358,0.012637123439328827,0.6114650804631097,0.012722231314558125
MOTHER HOLLE,10,0.010245148822162617,0.01016872239325886,0.010272424086420893,0.9592638733242969,0.01004983137386066
MOTHER HOLLE,11,0.006806504326592689,0.05094930670716543,0.2015037110890187,0.7340125612473007,0.0067279166299224575
MOTHER HOLLE,12,0.012068817576938316,0.011882395720390085,0.28023549287322896,0.6839813141128793,0.011831979716563239
MOTHER HOLLE,13,0.008632327014259148,0.008404473490003065,0.008457001784231487,0.9661277500659945,0.008378447645511747
MOTHER HOLLE,14,0.009815724161120962,0.009710088092990586,0.1277299632650912,0.8429563988300619,0.009787825650735332
MOTHER HOLLE,15,0.00846962358867257,0.00851857037480609,0.3759314579275712,0.5986739957037788,0.008406352405171482
MOTHER HOLLE,16,0.011514901691524106,0.011349582047504133,0.49924364779606645,0.4667007013916655,0.011191167073239803
MOTHER HOLLE,17,0.010298806549375542,0.010275447879434345,0.010217286956161817,0.9591731828565639,0.010035275758464348
MOTHER HOLLE,18,0.008877711769744176,0.008790739006453944,0.008868340088656841,0.9646574874466823,0.008805721688462715
MOTHER HOLLE,19,0.009877066382373654,0.009785058113913859,0.00999743021983516,0.9607092888743402,0.00963115640953721
MOTHER HOLLE,20,0.04151535898218277,0.04096023432754684,0.040615406632590244,0.8367721573016155,0.04013684275606462
OLD SULTAN,0,0.4765872079852912,0.007859678023296205,0.20853496348774395,0.29923916760075675,0.00777898290291204
OLD SULTAN,1,0.27861790635246486,0.008175213811669694,0.07060576405673513,0.6344854710905965,0.0081156446885339
OLD SULTAN,2,0.09523882343815718,0.009827520862057673,0.16075114807171448,0.7245213839625231,0.00966112366554767
OLD SULTAN,3,0.007913945370623138,0.17232466159421897,0.48699568604289756,0.3249256486502322,0.0078400583420282
OLD SULTAN,4,0.007227566873032485,0.007183406133671274,0.9708150125019916,0.007510389421116871,0.007263625070187781
OLD SULTAN,5,0.008053076853441673,0.0080426230881053,0.9676733714018544,0.008193430939869472,0.008037497716729246
OLD SULTAN,6,0.01686364422015893,0.016705223199899238,0.9322272598568049,0.017445898456405852,0.016757974266731042
RAPUNZEL,0,0.3830705933897964,0.5915912766623137,0.008425316051140186,0.008501677155865233,0.008411136740884383
RAPUNZEL,1,0.45061469804024734,0.5090529366091847,0.013441183800087485,0.013484186714302892,0.013406994836177534
RAPUNZEL,2,0.011961264810031184,0.952460632857222,0.011840137465052913,0.011929264212210695,0.011808700655483213
RAPUNZEL,3,0.10399659565499725,0.870784266016921,0.0084041906196663,0.00844353930791936,0.00837140840049622
RAPUNZEL,4,0.008207874625361964,0.9675264700936206,0.008116638022295624,0.00807387536422176,0.008075141894500057
RAPUNZEL,5,0.007856450912192593,0.9686869006609642,0.0078671752612826,0.007810668475759619,0.007778804689801248
RAPUNZEL,6,0.009640310476978537,0.9615111951003394,0.00958312081717775,0.009610787840997101,0.009654585764507026
RAPUNZEL,7,0.2018356698214416,0.7619767022203655,0.011961963447260734,0.012089830137009733,0.012135834373922344
RAPUNZEL,8,0.007470682005928722,0.9701371779615007,0.007484973182167575,0.007457095954570838,0.007450070895832238
RAPUNZEL,9,0.008412884400506549,0.9106023860529547,0.06398662006042971,0.00856264786508615,0.008435461621022893
RAPUNZEL,10,0.013519885898254577,0.9459782262685853,0.01346559242497054,0.013470737412519616,0.013565557995669894
RUMPELSTILTSKIN,0,0.2250266922806535,0.3210839221744499,0.0073226240387571665,0.007300562333676852,0.4392661991724626
RUMPELSTILTSKIN,1,0.8223632274056616,0.1497326974748724,0.00922364540918572,0.00929444747835576,0.009385982231924498
RUMPELSTILTSKIN,2,0.4503581973391692,0.009423260748193956,0.009265026944174753,0.009292640005559316,0.5216608749629028
RUMPELSTILTSKIN,3,0.4639707707609224,0.14951611026995237,0.010144055830981179,0.010294499986057554,0.3660745631520865
RUMPELSTILTSKIN,4,0.20830884514411188,0.4810238517288373,0.008417076198202237,0.008513989190988874,0.29373623773785973
RUMPELSTILTSKIN,5,0.010722540380948746,0.9571023073581084,0.010631839918551692,0.010730019775531119,0.010813292566860066
RUMPELSTILTSKIN,6,0.7338273661927922,0.010123464755334545,0.16310480542576788,0.010238415100918288,0.08270594852518712
RUMPELSTILTSKIN,7,0.9644723997791573,0.008830548567924763,0.008779987812941958,0.009012648758342255,0.008904415081633654
RUMPELSTILTSKIN,8,0.5611342805737904,0.12231299277820022,0.2940090882389306,0.011237772085748075,0.011305866323330731
SNOW-WHITE AND ROSE-RED,0,0.949290411818397,0.012759271853508844,0.01262702301437449,0.012765934278594737,0.012557359035124971
SNOW-WHITE AND ROSE-RED,1,0.6862833015708371,0.011459426087920393,0.01134926064482223,0.27970022483052764,0.011207786865892801
SNOW-WHITE AND ROSE-RED,2,0.4091434281598934,0.010248689399328723,0.010380385492701866,0.5600037511493312,0.010223745798744771
SNOW-WHITE AND ROSE-RED,3,0.5877540082169322,0.007874618720135597,0.007862352857327304,0.3883748798045058,0.008134140401099004
SNOW-WHITE AND ROSE-RED,4,0.9644488602969941,0.008890216714183682,0.008887273020817228,0.008960383467521316,0.0088132665004836
SNOW-WHITE AND ROSE-RED,5,0.011452210679462666,0.01150597747325215,0.5030436101594533,0.4627290111381867,0.011269190549645307
SNOW-WHITE AND ROSE-RED,6,0.948772201451364,0.012689452414497593,0.012887704558695813,0.01298949782645286,0.012661143748989587
SNOW-WHITE AND ROSE-RED,7,0.9567309671789002,0.010671465099171754,0.0107702756088281,0.011031739230537331,0.010795552882562849
SNOW-WHITE AND ROSE-RED,8,0.8059791020900633,0.008527548053042532,0.008652560564971363,0.008489059323206264,0.16835172996871633
SNOW-WHITE AND ROSE-RED,9,0.009687678704809828,0.009693919585530696,0.5241812681486202,0.009882204523149087,0.4465549290378901
SNOW-WHITE AND ROSE-RED,10,0.017136470857797573,0.016833674386576822,0.22245440862461907,0.016850150295273737,0.7267252958357328
SNOW-WHITE AND ROSE-RED,11,0.16290809900135975,0.008429047975877815,0.15483242197623187,0.008434824908021794,0.6653956061385087
SNOW-WHITE AND ROSE-RED,12,0.3237469112248254,0.008817416144490104,0.009109295180610915,0.00874773103530016,0.6495786464147734
SNOW-WHITE AND ROSE-RED,13,0.010079180908986221,0.2407091357044391,0.010263067469456983,0.01014024878474297,0.7288083671323748
SNOW-WHITE AND ROSE-RED,14,0.009773868296997296,0.10237769795827423,0.5718600951882816,0.009756106006985317,0.3062322325494614
SNOW-WHITE AND ROSE-RED,15,0.008571506548401032,0.008455384001374227,0.008514123911161374,0.008522213574106702,0.9659367719649566
SNOW-WHITE AND ROSE-RED,16,0.00947210944237015,0.009379279179392803,0.4518698001342944,0.009253788932198196,0.5200250223117444
SNOW-WHITE AND ROSE-RED,17,0.010163394363547934,0.20362197597223272,0.5458136139429737,0.01004466670870227,0.23035634901254354
SNOW-WHITE AND ROSE-RED,18,0.622782041235175,0.013949256163846846,0.15426120004227567,0.013521512117138862,0.19548599044156376
SNOWDROP,0,0.009731413122878509,0.457535897975625,0.009637688461794608,0.5134691741795984,0.009625826260103588
SNOWDROP,1,0.011395813099617326,0.18802320647178591,0.011192740953241727,0.7780656647095968,0.01132257476575822
SNOWDROP,2,0.010172009813811044,0.010113958626903516,0.010395074645861348,0.9591061207805457,0.010212836132878418
SNOWDROP,3,0.007917818220382471,0.00789538769536587,0.007775611763280124,0.9686045890181788,0.007806593302792624
SNOWDROP,4,0.014848026462112281,0.014467791939238715,0.014406612629097808,0.3375829897892809,0.6186945791802703
SNOWDROP,5,0.009340797776964792,0.009325237408029007,0.29809025147382734,0.521737612937435,0.1615061004037439
SNOWDROP,6,0.007432343421852984,0.007352315391394387,0.0073786479106229,0.970523105943458,0.007313587332671734
SNOWDROP,7,0.00844038621241221,0.008453926806817495,0.008354552654430573,0.9662192065398145,0.008531927786525286
SNOWDROP,8,0.009092269894172871,0.00879856520262258,0.06140576885975596,0.9119329108730859,0.008770485170362583
SNOWDROP,9,0.009232210615909748,0.009276647078145864,0.009178962308506339,0.9630828063669823,0.009229373630455784
SNOWDROP,10,0.008872875346888865,0.008887783092620524,0.008769421816835451,0.9645924848612311,0.008877434882424096
SNOWDROP,11,0.010742174195194337,0.010778672649792556,0.010833759233919993,0.7305327919203521,0.23711260200074097
SNOWDROP,12,0.22214879993522052,0.25237384342118213,0.010580670597994276,0.5040661045441772,0.010830581501425735
SNOWDROP,13,0.008539130953140446,0.008590502420560954,0.008461345756587312,0.9660133081594547,0.008395712710256464
SNOWDROP,14,0.009707831421632628,0.3179834245789568,0.009641983117701992,0.6529907015042264,0.0096760593774822
SNOWDROP,15,0.009732755726539548,0.24712054738724745,0.009642627915402439,0.7235842642111642,0.009919804759646347
SNOWDROP,16,0.007327715308031491,0.24146213940934128,0.00725531322342472,0.4985483752099727,0.24540645684922982
SNOWDROP,17,0.009704851449522885,0.009998755509960284,0.009719055837872605,0.9606503546214352,0.009926982581209104
SWEETHEART ROLAND,0,0.42440659614022286,0.5376502017053812,0.012643480803578421,0.012686168640804822,0.01261355271001281
SWEETHEART ROLAND,1,0.48825952782437576,0.48281636860541793,0.009703523382162934,0.009636277969975767,0.00958430221806752
SWEETHEART ROLAND,2,0.8471880565684601,0.1283426243327587,0.008257982307521243,0.008100276825031479,0.008111059966228608
SWEETHEART ROLAND,3,0.5985971442935362,0.3788074541589218,0.007555226620312759,0.007552875158474255,0.007487299768755033
SWEETHEART ROLAND,4,0.97089715070694,0.007204822415458004,0.007220130310599947,0.00727656159817432,0.007401334968827675
SWEETHEART ROLAND,5,0.9649870879508768,0.008770399261742811,0.008734740720966088,0.008777517712667974,0.008730254353746395
SWEETHEART ROLAND,6,0.3428629516021295,0.6230566793533757,0.011260678646203918,0.01136085539591631,0.01145883500237455
SWEETHEART ROLAND,7,0.008997246447314724,0.008843753229695491,0.008945421204097222,0.9643536428518259,0.008859936267066593
SWEETHEART ROLAND,8,0.01076674792525508,0.010612969404285983,0.010632858845469797,0.957261297890889,0.010726125934100035
SWEETHEART ROLAND,9,0.010921515254235443,0.01069396048084621,0.010587461778917092,0.9571430882184343,0.010653974267567048
SWEETHEART ROLAND,10,0.012214542349437104,0.35992997762230183,0.012266004521527653,0.3904937858866023,0.22509568962013124
SWEETHEART ROLAND,11,0.45960451737863794,0.017312011361486353,0.01678174218758716,0.489081778671062,0.01721995040122648
THE ADVENTURES OF CHANTICLEER AND PARTLET,0,0.3070870620699498,0.009596141606967703,0.00964179559549115,0.6640479574651781,0.009627043262413293
THE ADVENTURES OF CHANTICLEER AND PARTLET,1,0.011211921075530904,0.011119592996606009,0.011341303406830795,0.9550742635970428,0.011252918923989552
THE ADVENTURES OF CHANTICLEER AND PARTLET,2,0.012709901850685178,0.012638704905921944,0.012696157931306384,0.7250995160012021,0.23685571931088434
THE ADVENTURES OF CHANTICLEER AND PARTLET,3,0.15888939136968175,0.010102641876929438,0.010145663151621973,0.8107271182556723,0.010135185346094306
THE ADVENTURES OF CHANTICLEER AND PARTLET,4,0.35297314338940317,0.009224872037894592,0.09553007219856509,0.53305799270351,0.009213919670627095
THE ADVENTURES OF CHANTICLEER AND PARTLET,5,0.9625122501904286,0.009302390510602037,0.009419655634781775,0.009515548698864024,0.009250154965323356
THE ADVENTURES OF CHANTICLEER AND PARTLET,6,0.10201108983047953,0.008883051621147517,0.28514202261708443,0.5951797210308447,0.008784114900443783
THE ADVENTURES OF CHANTICLEER AND PARTLET,7,0.006968487749918151,0.006922767529024325,0.1751076235046076,0.8040336952028814,0.006967426013568446
THE ADVENTURES OF CHANTICLEER AND PARTLET,8,0.006831601137163016,0.006732520867545538,0.21483414646154883,0.7648556193373945,0.006746112196348125
THE ADVENTURES OF CHANTICLEER AND PARTLET,9,0.23783192124398472,0.07680699718274962,0.009542153335807822,0.5435721348520142,0.13224679338544368
THE ADVENTURES OF CHANTICLEER AND PARTLET,10,0.0074689339156755906,0.05930260436608939,0.007455664828114749,0.17082354548666884,0.7549492514034514
THE ADVENTURES OF CHANTICLEER AND PARTLET,11,0.009667418883416237,0.0097570066398918,0.15373796933662973,0.33878471510195823,0.488052890038104
THE ADVENTURES OF CHANTICLEER AND PARTLET,12,0.010149959466800003,0.010042488734926889,0.630230647259669,0.33945604566105947,0.010120858877544686
THE ADVENTURES OF CHANTICLEER AND PARTLET,13,0.01341151081835254,0.013462351969405149,0.6533877448718511,0.30621315150640943,0.013525240833981607
THE ADVENTURES OF CHANTICLEER AND PARTLET,14,0.03363892076234791,0.48954407612909456,0.034629135042775254,0.40779674388124515,0.03439112418453712
THE BLUE LIGHT,0,0.42536417907244733,0.010261421907422904,0.0103309246427236,0.010292842752616318,0.5437506316247899
THE BLUE LIGHT,1,0.9571230440307682,0.010668691426290235,0.010701901957714815,0.010746554784136513,0.010759807801090338
THE BLUE LIGHT,2,0.9551144812626459,0.011220512461746024,0.011228303147167822,0.011214681472731329,0.01122202165570912
THE BLUE LIGHT,3,0.7479489978210043,0.011268500251821918,0.01123212946730896,0.011153863063000797,0.21839650939686386
THE BLUE LIGHT,4,0.5598134179176398,0.009889561384825529,0.009631299412213754,0.009574514261391276,0.41109120702392965
THE BLUE LIGHT,5,0.28363405713266016,0.009224052796061984,0.009211101903317222,0.009204850696355328,0.6887259374716054
THE BLUE LIGHT,6,0.25175252863764563,0.008188999950488282,0.008156887730216085,0.008155373644111587,0.7237462100375384
THE BLUE LIGHT,7,0.00970219527867752,0.009828923216461,0.009726058765403448,0.3307211338422279,0.6400216888972302
THE BLUE LIGHT,8,0.008847067293348236,0.008783213321238529,0.008962132333205598,0.008932519123521691,0.9644750679286859
THE BLUE LIGHT,9,0.13217147586371417,0.008909814226650204,0.008913379857074235,0.0769378115292817,0.7730675185232797
THE BLUE LIGHT,10,0.009848605218139024,0.009876110140890158,0.009631844416419299,0.30115436114492455,0.669489079079627
THE BLUE LIGHT,11,0.32614175908451504,0.010172194703025356,0.010107329336085897,0.010668184320063412,0.6429105325563104
THE BLUE LIGHT,12,0.2293522686220912,0.008886596005528177,0.008792214532819217,0.008730476365733576,0.7442384444738278
THE BLUE LIGHT,13,0.020589788923481674,0.6042046691649858,0.33416316474196345,0.020354359626896853,0.02068801754267226
THE DOG AND THE SPARROW,0,0.009175652423053356,0.009173396814303472,0.009162029512427162,0.4554789961274703,0.5170099251227457
THE DOG AND THE SPARROW,1,0.3542330316420003,0.010647060721134326,0.010620001243491923,0.010838444443439735,0.6136614619499338
THE DOG AND THE SPARROW,2,0.012894151205947927,0.012652169407500828,0.012608109967639806,0.22843443662827587,0.7334111327906355
THE DOG AND THE SPARROW,3,0.008453186858414329,0.008403015687891726,0.008935852528816112,0.008614902173578071,0.9655930427512998
THE DOG AND THE SPARROW,4,0.008819128201220383,0.008774922658590078,0.00875846911167634,0.36982619802903366,0.6038212819994795
THE DOG AND THE SPARROW,5,0.008760310894831003,0.008781163790575561,0.008774249948001323,0.008987256561955884,0.9646970188046362
THE DOG AND THE SPARROW,6,0.01026132665042622,0.009757405993860982,0.009743670015199645,0.010230699121877424,0.9600068982186357
THE DOG AND THE SPARROW,7,0.5106371708659327,0.007040541521882546,0.007083945019023322,0.007045592130224469,0.46819275046293685
THE DOG AND THE SPARROW,8,0.40048914527898916,0.008409372747534418,0.008438695094104949,0.008458646635718962,0.5742041402436526
THE DOG AND THE SPARROW,9,0.18785785298941893,0.3288181100665489,0.008804576927240357,0.00881335336167063,0.46570610665512124
THE ELVES AND THE SHOEMAKER,0,0.011425926502672592,0.5806583245061552,0.01129864606101676,0.011309674561834794,0.3853074283683208
THE ELVES AND THE SHOEMAKER,1,0.01361870755502601,0.5796339255955296,0.013601093958752789,0.013634522664290345,0.3795117502264012
THE ELVES AND THE SHOEMAKER,2,0.01368797637589176,0.9452591090574544,0.013626805509007769,0.013652430516842524,0.01377367854080365
THE ELVES AND THE SHOEMAKER,3,0.011280443098220877,0.9545237061406628,0.011358715876691928,0.011623368411552528,0.011213766472871882
THE ELVES AND THE SHOEMAKER,4,0.013486788840505195,0.01384644807789128,0.5831786541810478,0.013758609254027521,0.37572949964652824
THE ELVES AND THE SHOEMAKER,5,0.02924717230924267,0.029195925623953418,0.029335372808960744,0.029592396927849922,0.8826291323299932
THE FISHERMAN AND HIS WIFE,0,0.7224564266052127,0.010122943491447033,0.010179358819937385,0.010198790249292584,0.24704248083411035
THE FISHERMAN AND HIS WIFE,1,0.7466040168198754,0.011196235291332622,0.09554018492524405,0.011344071697174336,0.13531549126637354
THE FISHERMAN AND HIS WIFE,2,0.9700275401570586,0.0075003274890561465,0.007464840907460036,0.007489292700929015,0.007517998745496156
THE FISHERMAN AND HIS WIFE,3,0.970685569664445,0.007372872895007554,0.007349974614405769,0.007334075464364089,0.007257507361777513
THE FISHERMAN AND HIS WIFE,4,0.964729623742156,0.008901906626819589,0.0088623946349892,0.00872391915896889,0.00878215583706638
THE FISHERMAN AND HIS WIFE,5,0.30336956936633225,0.3155993454614526,0.007670130864308207,0.007464871910953237,0.36589608239695387
THE FISHERMAN AND HIS WIFE,6,0.634557564504393,0.3378031893162489,0.009193833189954943,0.00915914243579482,0.009286270553608351
THE FISHERMAN AND HIS WIFE,7,0.9725579699016098,0.006817068803057897,0.007041839133743439,0.006713869106154587,0.006869253055434213
THE FISHERMAN AND HIS WIFE,8,0.9574212815123412,0.010703532970885705,0.01059333768105193,0.010641067826356336,0.010640780009364668
THE FISHERMAN AND HIS WIFE,9,0.9525535788726698,0.011857536525858008,0.011820536381768703,0.01181071602590494,0.01195763219379864
THE FISHERMAN AND HIS WIFE,10,0.9709928008407931,0.0072040174481637345,0.0073427412956742115,0.007221340087235924,0.00723910032813302
THE FISHERMAN AND HIS WIFE,11,0.9632601538023957,0.009211728933557336,0.00914190591449853,0.009179529264721755,0.009206682084826742
THE FISHERMAN AND HIS WIFE,12,0.9701474220072382,0.007489829534719701,0.00746712778053117,0.007437469071122387,0.007458151606388495
THE FISHERMAN AND HIS WIFE,13,0.8006037912833085,0.16878662824391885,0.01018143291418611,0.010157781469120407,0.010270366089466024
THE FISHERMAN AND HIS WIFE,14,0.9661931219240397,0.008476219867242075,0.008459324888231678,0.008379759399283858,0.008491573921202578
THE FISHERMAN AND HIS WIFE,15,0.9700871475458608,0.007482877452899474,0.007432881500095151,0.007460152220131672,0.007536941281012879
THE FOUR CLEVER BROTHERS,0,0.250428716551666,0.7202897277640351,0.009604807305570489,0.009878429956111993,0.009798318422616387
THE FOUR CLEVER BROTHERS,1,0.012605128266811849,0.5554219236133606,0.012601126315364124,0.012750445854860367,0.4066213759496031
THE FOUR CLEVER BROTHERS,2,0.737609249714503,0.012009298015075569,0.011889293107954847,0.22640089179751077,0.012091267364955803
THE FOUR CLEVER BROTHERS,3,0.6885881074764604,0.008553458666331257,0.2854859709919737,0.008872308943979296,0.008500153921255298
THE FOUR CLEVER BROTHERS,4,0.6573887556985109,0.011562161111405747,0.08831667508110201,0.12042846712718319,0.12230394098179827
THE FOUR CLEVER BROTHERS,5,0.1934795445420982,0.5473925531817003,0.1705417663463254,0.0779484418614941,0.01063769406838214
THE FOUR CLEVER BROTHERS,6,0.010782175996864487,0.3963078066053949,0.5715649570031306,0.010648249290394292,0.010696811104215772
THE FOUR CLEVER BROTHERS,7,0.009622514338284616,0.9045290949167355,0.06733028277421678,0.00917333915493346,0.009344768815829484
THE FOUR CLEVER BROTHERS,8,0.428785487144971,0.01014124911447039,0.010043833680223867,0.010224281905767841,0.5408051481545669
THE FOUR CLEVER BROTHERS,9,0.5137833446547884,0.008848411106002577,0.00893356698073733,0.008855502411875228,0.4595791748465964
THE FOUR CLEVER BROTHERS,10,0.013626738176559657,0.013605425405286937,0.17634498766710974,0.013527229606726022,0.7828956191443176
THE FOUR CLEVER BROTHERS,11,0.4541158861636157,0.011332238189383545,0.0946273641771733,0.011168186542231508,0.4287563249275958
THE FOUR CLEVER BROTHERS,12,0.4582485398168041,0.008979103161298579,0.008768427078193872,0.00888361400973151,0.5151203159339719
THE FOX AND THE CAT,0,0.011315152931983027,0.011360502344409213,0.5909346459464168,0.3751346865099525,0.011255012267238499
THE FOX AND THE CAT,1,0.008776653001244165,0.008736996436634458,0.9647276830617283,0.008948924988523966,0.008809742511868954
THE FOX AND THE HORSE,0,0.011498445318158306,0.011324870591167917,0.011282527262764233,0.954539021873803,0.011355134954106581
THE FOX AND THE HORSE,1,0.011985046711243752,0.011870031751034677,0.012011457994165982,0.9520747708775149,0.01205869266604063
THE FOX AND THE HORSE,2,0.010181345651999647,0.010045563275936167,0.9592319327481071,0.01028905179727676,0.010252106526680228
THE FOX AND THE HORSE,3,0.010916966553087486,0.010637946334098891,0.010778295046339413,0.3951285024394091,0.5725382896270651
THE FROG-PRINCE,0,0.010856953751038729,0.010741139088653677,0.21393273121305956,0.010667516840693402,0.7538016591065545
THE FROG-PRINCE,1,0.00916454776991549,0.009222709003857438,0.009127896666033494,0.00914447834073417,0.9633403682194593
THE FROG-PRINCE,2,0.010163951158535434,0.010112661357659682,0.010162105121407854,0.010133547610873744,0.9594277347515232
THE FROG-PRINCE,3,0.007918702649570583,0.007795447637621239,0.007799047822650937,0.007814810397777113,0.96867199149238
THE FROG-PRINCE,4,0.007888259171527507,0.0077974517757350755,0.007753405022749615,0.007784668082318748,0.968776215947669
THE FROG-PRINCE,5,0.010034005103101578,0.010082214199585549,0.010059746269006818,0.010219674718013981,0.959604359710292
THE FROG-PRINCE,6,0.1368486754871912,0.008418373614052375,0.008472757928356214,0.008485278047747756,0.8377749149226524
THE FROG-PRINCE,7,0.007567990281324057,0.007600089686032018,0.007542844039447035,0.0075253660019719126,0.969763709991225
THE FROG-PRINCE,8,0.008821769026753126,0.008859294333955934,0.008780276934411762,0.008916992491364583,0.9646216672135145
THE GOLDEN BIRD,0,0.00753619149028017,0.9698681450974017,0.007630480404259178,0.007480506055739094,0.007484676952319928
THE GOLDEN BIRD,1,0.008456677627284985,0.8666284127281597,0.10803215500466798,0.008429958660365647,0.008452795979521774
THE GOLDEN BIRD,2,0.012054308094215607,0.23838747473652727,0.7255971953317452,0.011998774517640497,0.011962247319871406
THE GOLDEN BIRD,3,0.008900131496485556,0.18308083254958907,0.790234331543714,0.008916609451419635,0.008868094958791522
THE GOLDEN BIRD,4,0.008179834768701277,0.5150519989869161,0.46042537775073256,0.008129338150998507,0.008213450342651458
THE GOLDEN BIRD,5,0.008090486297090353,0.3183006302788742,0.6571042386318815,0.008124412758252878,0.008380232033900953
THE GOLDEN BIRD,6,0.007531404100613136,0.08605722414993316,0.8914035562182893,0.007446432622272719,0.007561382908891688
THE GOLDEN BIRD,7,0.0071151212532410395,0.246052693951541,0.564355500843149,0.006935788811075379,0.17554089514099355
THE GOLDEN BIRD,8,0.011493419442494374,0.011353721076195112,0.3876747766661364,0.011306422102899241,0.5781716607122749
THE GOLDEN BIRD,9,0.010649397595360491,0.303029040833979,0.6648793547782069,0.01063691216905582,0.010805294623397955
THE GOLDEN BIRD,10,0.010710986836208658,0.010685348818062866,0.46948677012911516,0.010714000056047406,0.4984028941605659
THE GOLDEN BIRD,11,0.008135536452050052,0.3217225165019192,0.24873122231408165,0.008102388009684583,0.4133083367222646
THE GOLDEN BIRD,12,0.3595664646113747,0.23547611215060418,0.14693082554203638,0.008447129987824556,0.24957946770816014
THE GOLDEN BIRD,13,0.009240339738574126,0.0093765430808954,0.27534593648318906,0.009150798561382489,0.696886382135959
THE GOLDEN BIRD,14,0.010119231948368348,0.010225059942812413,0.5066900339436831,0.010131612278319886,0.4628340618868162
THE GOLDEN BIRD,15,0.007209061381982924,0.007269246558702519,0.22888723237723604,0.007334886607832962,0.7492995730742456
THE GOLDEN BIRD,16,0.011190105533351953,0.01122060036768474,0.3090032743482015,0.011490275808375423,0.6570957439423865
THE GOLDEN BIRD,17,0.010061884452952577,0.16291674824767255,0.3256057165187541,0.010357776434082115,0.49105787434653875
THE GOLDEN BIRD,18,0.009220615449766642,0.009344703598081565,0.29228480514074884,0.00917255701184922,0.6799773187995537
THE GOLDEN BIRD,19,0.014742411840437154,0.38118099234524594,0.2878513291227015,0.014623927000924786,0.30160133969069064
THE GOLDEN GOOSE,0,0.008818864786706727,0.29419402581078385,0.008756075590553806,0.6793654550759294,0.008865578736026199
THE GOLDEN GOOSE,1,0.010160406700975538,0.4261193320882049,0.13629365948765798,0.41731994573469217,0.010106655988469373
THE GOLDEN GOOSE,2,0.011357831928103572,0.31671063902867863,0.14559361611861993,0.5147177110595349,0.011620201865063132
THE GOLDEN GOOSE,3,0.010243671870579682,0.25685001948117586,0.23598400976004247,0.4867206215334897,0.010201677354712392
THE GOLDEN GOOSE,4,0.511814188691089,0.013882820532462509,0.4470351553977804,0.013616591770758543,0.013651243607909628
THE GOLDEN GOOSE,5,0.5392881534494235,0.014658881454145957,0.01466012049372138,0.01471349091861137,0.4166793536840977
THE GOLDEN GOOSE,6,0.011979914042769527,0.011956475369362347,0.012066319822462522,0.22373873960604734,0.7402585511593582
THE GOLDEN GOOSE,7,0.015496757527764785,0.01618623068442801,0.015849895387279385,0.015417967029739235,0.9370491493707886
THE GOLDEN GOOSE,8,0.010169242833710047,0.616770184488439,0.010450020161010362,0.01034294305196778,0.35226760946487284
THE GOLDEN GOOSE,9,0.010137003149149308,0.5364177599637343,0.010258275309287438,0.010207434106029548,0.4329795274717994
THE GOLDEN GOOSE,10,0.009291381265387663,0.009358626052284831,0.009243129011507237,0.22849404986533314,0.7436128138054872
THE GOLDEN GOOSE,11,0.008125309581770646,0.2792913693308355,0.008106803848243648,0.008516255719759612,0.6959602615193905
THE GOOSE-GIRL,0,0.0072318873244690204,0.41335157277366075,0.007225757252184425,0.007286024244202005,0.5649047584054837
THE GOOSE-GIRL,1,0.0061870244394285805,0.19919948909255086,0.006131330743486015,0.006214310031840432,0.7822678456926941
THE GOOSE-GIRL,2,0.009208257113065227,0.009287168884950497,0.009161552773525214,0.1276289430258453,0.8447140782026138
THE GOOSE-GIRL,3,0.009198899054484611,0.0093509688049675,0.009184699782128939,0.00920253488219066,0.9630628974762283
THE GOOSE-GIRL,4,0.008740551220855989,0.17228867041341323,0.008769941494138487,0.008825747097646408,0.8013750897739459
THE GOOSE-GIRL,5,0.0069812338007727405,0.007013300854833342,0.00705037048763808,0.006940265605570896,0.972014829251185
THE GOOSE-GIRL,6,0.34756303590486326,0.00975930121563656,0.009692303513435929,0.009752178400821335,0.6232331809652428
THE GOOSE-GIRL,7,0.008500807535337117,0.008479208412401493,0.00841861465837088,0.00849071393924027,0.9661106554546502
THE GOOSE-GIRL,8,0.00929694816794613,0.2790095662663067,0.009156590273226229,0.00925585588643403,0.6932810394060869
THE GOOSE-GIRL,9,0.010627336298170198,0.957481579824481,0.010610798723311379,0.010648652408943934,0.010631632745093511
THE GOOSE-GIRL,10,0.011340144269811342,0.5293904798889236,0.07497427634967682,0.011353757746741978,0.3729413417448462
THE GOOSE-GIRL,11,0.01018195336034138,0.959213040984371,0.010124985256279292,0.010306845260270023,0.010173175138738447
THE GOOSE-GIRL,12,0.008855073194580372,0.6064156286851393,0.008744095837865054,0.008816802032646552,0.36716840024976866
THE GOOSE-GIRL,13,0.009222658354856446,0.9631732159035777,0.00919137154651389,0.009211054588527988,0.00920169960652402
THE GOOSE-GIRL,14,0.010672876479593047,0.5887343576564182,0.010631730122556946,0.010718322262976011,0.3792427134784557
THE GOOSE-GIRL,15,0.011283994947752205,0.4314332583787293,0.011219620774872775,0.011263459772105954,0.5347996661265397
THE GOOSE-GIRL,16,0.011309921173692278,0.011312631531432386,0.011213548528117647,0.011319423629011737,0.9548444751377461
THE JUNIPER-TREE,0,0.7995183920960675,0.007629880588875149,0.007571182480643213,0.17775538147135622,0.007525163363057782
THE JUNIPER-TREE,1,0.9518649795575311,0.01237211215683541,0.011880793203971554,0.012028135318646686,0.011853979763015214
THE JUNIPER-TREE,2,0.010799034471532774,0.8356391647941837,0.06775061766760748,0.07524361903223678,0.01056756403443927
THE JUNIPER-TREE,3,0.008125727176306644,0.967582096549821,0.008063346845445718,0.008132093709916254,0.00809673571851038
THE JUNIPER-TREE,4,0.00920158708847538,0.9633055336553195,0.009124584421859096,0.009165324791257702,0.009202970043088421
THE JUNIPER-TREE,5,0.012617816006708544,0.9496072450850697,0.012600317480803034,0.012643134182855042,0.012531487244563747
THE JUNIPER-TREE,6,0.11938980225009099,0.6339447144110609,0.007520184866349851,0.23140568720608437,0.007739611266413828
THE JUNIPER-TREE,7,0.22862410666031674,0.348031629240417,0.010578702125271606,0.4019179435114337,0.010847618462560975
THE JUNIPER-TREE,8,0.008864256514242259,0.5858404665361427,0.008764288008282474,0.38778346618933457,0.008747522751998056
THE JUNIPER-TREE,9,0.3798803847857046,0.586179753957369,0.011259351772430565,0.011494130963940878,0.011186378520555164
THE JUNIPER-TREE,10,0.3064538673339808,0.6691215524457739,0.008282491473739098,0.00809438523384285,0.008047703512663169
THE JUNIPER-TREE,11,0.008119180979314963,0.9676417194105997,0.00808372315054018,0.00813629131101676,0.008019085148528381
THE JUNIPER-TREE,12,0.008065286358085056,0.9678290568241962,0.00805978691915113,0.008021995139530032,0.008023874759037705
THE JUNIPER-TREE,13,0.007057521607761176,0.9720839557733189,0.006961216553004483,0.0069729027580348255,0.006924403307880682
THE JUNIPER-TREE,14,0.0069141869110344355,0.9727562059773076,0.006802540618259184,0.006706311709108092,0.006820754784290686
THE JUNIPER-TREE,15,0.009670108188354936,0.9615538659910449,0.009589761779316646,0.009558643199948315,0.0096276208413352
THE JUNIPER-TREE,16,0.010597728909186014,0.9575319208413733,0.01066706073260922,0.010604815888413836,0.01059847362841781
THE JUNIPER-TREE,17,0.009155688638247035,0.8080203167830494,0.10707683949555911,0.06661809218379344,0.009129062899350995
THE JUNIPER-TREE,18,0.13357596578652162,0.8468188198249376,0.006488275143806148,0.006626615746806559,0.006490323497928166
THE JUNIPER-TREE,19,0.06826947963098377,0.8327479539866333,0.08503590349975208,0.006963517792477838,0.006983145090153025
THE JUNIPER-TREE,20,0.00700814195284579,0.9721184278570183,0.0069842226637177405,0.006963195032284401,0.00692601249413369
THE JUNIPER-TREE,21,0.17868454321136595,0.7971308170331857,0.008072615723228743,0.008066701341465777,0.008045322690753956
THE JUNIPER-TREE,22,0.010057724192738248,0.9597714940794523,0.01005530081542054,0.010041254656791041,0.010074226255597785
THE JUNIPER-TREE,23,0.011936345802490199,0.881323890022215,0.08289234195256825,0.011868518931330696,0.011978903291395795
THE KING OF THE GOLDEN MOUNTAIN,0,0.014478962523729325,0.6502557307575271,0.014368321473673009,0.014808333154621586,0.30608865209044894
THE KING OF THE GOLDEN MOUNTAIN,1,0.2643598619479136,0.012952446078793202,0.012614987486741749,0.012725981770027473,0.697346722716524
THE KING OF THE GOLDEN MOUNTAIN,2,0.010187577106204552,0.14695901835961775,0.49129563466929616,0.010306619524979084,0.34125115033990244
THE KING OF THE GOLDEN MOUNTAIN,3,0.07848080103470814,0.18463225834761668,0.12007785381544907,0.00886589863240745,0.6079431881698186
THE KING OF THE GOLDEN MOUNTAIN,4,0.006785378498476196,0.3689560944619943,0.35206469619150005,0.006771976121702933,0.2654218547263265
THE KING OF THE GOLDEN MOUNTAIN,5,0.008791046733334388,0.22666501938252154,0.07285990575972136,0.00885097846927818,0.6828330496551446
THE KING OF THE GOLDEN MOUNTAIN,6,0.01016485167005757,0.41204902439073904,0.07709391996571954,0.010039296108429623,0.4906529078650543
THE KING OF THE GOLDEN MOUNTAIN,7,0.00862307179684243,0.00865577059495059,0.19379158733805232,0.008441830246471233,0.7804877400236835
THE KING OF THE GOLDEN MOUNTAIN,8,0.007804084149374471,0.007763251789837283,0.00775098049931734,0.007776087117668585,0.9689055964438024
THE KING OF THE GOLDEN MOUNTAIN,9,0.012798820314841386,0.2906595022821881,0.012740921305506352,0.012745684873595745,0.6710550712238684
THE KING OF THE GOLDEN MOUNTAIN,10,0.007299174846216548,0.45135791831053546,0.007301311377251244,0.007241724397348357,0.5267998710686485
THE KING OF THE GOLDEN MOUNTAIN,11,0.33280711360327153,0.14392398655547012,0.010260190623803704,0.3289115693780339,0.18409713983942064
THE KING OF THE GOLDEN MOUNTAIN,12,0.011514341436802624,0.533319898856395,0.011227295554537171,0.011680678276674385,0.43225778587559077
THE KING OF THE GOLDEN MOUNTAIN,13,0.010578340335138376,0.4301097046961116,0.010619616595676621,0.01075475874889511,0.5379375796241784
THE KING OF THE GOLDEN MOUNTAIN,14,0.009654165384230185,0.17001681465965288,0.009588092083558894,0.4885134321907287,0.3222274956818293
THE KING OF THE GOLDEN MOUNTAIN,15,0.008131142120981422,0.008206611478024425,0.008491294429053725,0.00804521768730473,0.9671257342846358
THE KING OF THE GOLDEN MOUNTAIN,16,0.008180988415999879,0.008100199422393171,0.27001482721595266,0.008052593685827414,0.705651391259827
THE KING OF THE GOLDEN MOUNTAIN,17,0.011994842129730727,0.01207461410466911,0.01186609226010143,0.012169379309940618,0.9518950721955581
THE KING OF THE GOLDEN MOUNTAIN,18,0.011938879620012166,0.011905905646432008,0.011914676766507011,0.011892734789734682,0.9523478031773142
THE LITTLE PEASANT,0,0.01041927527469721,0.010221388330509592,0.010143962087287066,0.4862638620158528,0.4829515122916534
THE LITTLE PEASANT,1,0.36223026543794407,0.01073186530579149,0.01069168147483922,0.5387888656843665,0.07755732209705862
THE LITTLE PEASANT,2,0.180219263366013,0.009693085198250715,0.009717937590959595,0.4457317901495283,0.3546379236952485
THE LITTLE PEASANT,3,0.34682026487508166,0.009247681145051747,0.009210835057229295,0.48676079801398137,0.14796042090865594
THE LITTLE PEASANT,4,0.6122297319115794,0.007292718905488102,0.007219596986142857,0.0072768286802241625,0.3659811235165654
THE LITTLE PEASANT,5,0.6725722015341974,0.006833055213351966,0.006846178925333393,0.00686148840724257,0.30688707591987474
THE LITTLE PEASANT,6,0.4739865450877892,0.009152909836598052,0.009194982766860066,0.009269786553504739,0.49839577575524796
THE LITTLE PEASANT,7,0.008140508000473534,0.008065283201003215,0.0080382911169506,0.00815255480153484,0.9676033628800378
THE LITTLE PEASANT,8,0.008319067789108195,0.008080468447298438,0.008068340532628167,0.008106934767007494,0.9674251884639578
THE LITTLE PEASANT,9,0.27393422023980246,0.007899142985732148,0.007764691628361533,0.007868401762536736,0.7025335433835671
THE LITTLE PEASANT,10,0.006758069780911892,0.0067958968021385084,0.006722376966112971,0.3603465474893221,0.6193771089615145
THE LITTLE PEASANT,11,0.012728765679916992,0.012757421617939477,0.012546430532888725,0.012540483399032175,0.9494268987702226
THE LITTLE PEASANT,12,0.011980773624056165,0.011907984692372087,0.01177905849371411,0.011969163192670985,0.9523630199971866
THE LITTLE PEASANT,13,0.009560210756943417,0.009547232506567388,0.009586161234292736,0.009707447067044026,0.9615989484351525
THE LITTLE PEASANT,14,0.011167454756724973,0.011139525879831063,0.011249642326157371,0.011191476959632083,0.9552519000776545
THE LITTLE PEASANT,15,0.013559572791080757,0.013470487833864321,0.013620455145280892,0.013375545565895696,0.9459739386638784
THE MISER IN THE BUSH,0,0.011968243306234689,0.012131343166778465,0.011947692324695154,0.012379911005474233,0.9515728101968174
THE MISER IN THE BUSH,1,0.012946545541632505,0.012793166842448921,0.012589623666175113,0.012676383323169924,0.9489942806265735
THE MISER IN THE BUSH,2,0.009654126317542134,0.009605433759033522,0.009636621711215817,0.009663124939123574,0.9614406932730849
THE MISER IN THE BUSH,3,0.009177307885124029,0.009215081325652855,0.3979156057119209,0.009302268145213814,0.5743897369320883
THE MISER IN THE BUSH,4,0.009718162735993787,0.009747982624605104,0.009649489368276896,0.15745415595524795,0.8134302093158763
THE MISER IN THE BUSH,5,0.010559094844633736,0.010671771184504268,0.010778461900388017,0.010605993186961123,0.9573846788835129
THE MISER IN THE BUSH,6,0.011174574780519673,0.011256928605294524,0.07800567108165503,0.011171894866024334,0.8883909306665063
THE MISER IN THE BUSH,7,0.009576149921414307,0.009567008390256945,0.009592031415335534,0.009595479650554942,0.9616693306224383
THE MISER IN THE BUSH,8,0.013409152635859036,0.014110916041285778,0.013424730353168702,0.013839170824440004,0.9452160301452465
"THE MOUSE, THE BIRD, AND THE SAUSAGE",0,0.010144537419781182,0.010247001096252512,0.42321276266073393,0.5462477924108451,0.01014790641238718
"THE MOUSE, THE BIRD, AND THE SAUSAGE",1,0.00977869073480762,0.009957052064062848,0.0099202467509391,0.9606524459940442,0.009691564456146301
"THE MOUSE, THE BIRD, AND THE SAUSAGE",2,0.007148553013928921,0.00709022417914501,0.3165558212014151,0.6619919868668592,0.00721341473865168
"THE MOUSE, THE BIRD, AND THE SAUSAGE",3,0.010066149144641047,0.18486676606845126,0.010232454268888047,0.7847695548393478,0.010065075678671693
"THE MOUSE, THE BIRD, AND THE SAUSAGE",4,0.010192896293509217,0.010427542160569615,0.01048927142734213,0.9586960247812648,0.010194265337314332
"THE MOUSE, THE BIRD, AND THE SAUSAGE",5,0.04059172424721559,0.04046841580850696,0.836481365932569,0.04085419175412679,0.04160430225758158
THE OLD MAN AND HIS GRANDSON,0,0.0113310669166982,0.7370224306343381,0.22910501683999696,0.011349349812509084,0.01119213579645769
THE OLD MAN AND HIS GRANDSON,1,0.01864389517025703,0.7902996603883775,0.01859585479991531,0.15398935133309405,0.018471238308356078
THE PINK,0,0.0073485953989563205,0.9709235879308002,0.007306451241037619,0.007216108304495813,0.007205257124709906
THE PINK,1,0.0997573336876803,0.8748463183563085,0.008512186477749335,0.008440674197960124,0.008443487280301675
THE PINK,2,0.1355074475398056,0.33261817593012255,0.32908047842709715,0.1937649077489849,0.009028990353989944
THE PINK,3,0.010115015961943032,0.7085150583952846,0.2609498255428656,0.010233651402996556,0.01018644869691026
THE PINK,4,0.009685488696617615,0.9610688675933554,0.009718388589357538,0.009749134328223977,0.009778120792445456
THE PINK,5,0.008080374593081687,0.9675537238199677,0.008081628224808403,0.008106226607647933,0.008178046754494305
THE PINK,6,0.012721150501730444,0.949056276968347,0.012710453813914066,0.012811933970968732,0.01270018474503966
THE PINK,7,0.015519545973818048,0.9378982429429581,0.015527295362761446,0.01562658929649212,0.015428326423970249
THE PINK,8,0.008762011930877455,0.699477917532284,0.2740212537383301,0.008855429831734757,0.00888338696677347
THE PINK,9,0.01348101143253088,0.9457138389868128,0.013805484218128805,0.013448742398531393,0.013550922963996154
THE PINK,10,0.009692787738583597,0.961181709906467,0.009739027931761521,0.009695127939703911,0.009691346483483992
THE PINK,11,0.010193812127724784,0.959390745473122,0.01011830919726016,0.010178872235266385,0.010118260966626658
THE PINK,12,0.010192412191022852,0.959480627948565,0.010051834899095268,0.010123985128102884,0.010151139833213994
THE PINK,13,0.010923424634592914,0.6992350648960904,0.2684089105895706,0.010807997940541793,0.010624601939204423
THE QUEEN BEE,0,0.011282253314127638,0.011294803213815702,0.01118025007377026,0.011301555231206899,0.9549411381670795
THE QUEEN BEE,1,0.012588394563190566,0.012599783051417077,0.16251063217456635,0.012527595720749192,0.7997735944900768
THE QUEEN BEE,2,0.010229996656742747,0.010355754006077352,0.31436202021171494,0.010191446373947532,0.6548607827515174
THE QUEEN BEE,3,0.009326776203781065,0.2081026521175145,0.009616539213280852,0.2184451862358661,0.5545088462295575
THE QUEEN BEE,4,0.009521123512610433,0.009328815144043153,0.15990967792344288,0.12167496004906324,0.6995654233708404
THE QUEEN BEE,5,0.013568415096273358,0.013668880561283705,0.013425621793346585,0.013749990814472344,0.9455870917346241
THE QUEEN BEE,6,0.016749842963039788,0.017025781132515704,0.016746105619944024,0.017076485696924534,0.9324017845875759
THE RAVEN,0,0.007895786260113854,0.3597889048352592,0.23034761519520244,0.39410316703393605,0.007864526675488526
THE RAVEN,1,0.009033023885686043,0.26071801563269165,0.08751136198923315,0.5558097419041951,0.08692785658819403
THE RAVEN,2,0.20882672545873243,0.2937774954429627,0.011883519571684696,0.47344410311371454,0.012068156412905422
THE RAVEN,3,0.013739128520417575,0.014241299477976973,0.013590167077874967,0.9447576931527573,0.013671711770973255
THE RAVEN,4,0.009705953352167207,0.00969510964359522,0.009598294602731735,0.9613273070948152,0.009673335306690707
THE RAVEN,5,0.01346823208908858,0.013418742466791499,0.013415703539752808,0.946244023595167,0.013453298309200092
THE RAVEN,6,0.011962455200997908,0.22724883799821172,0.011957245154035678,0.7367756912046778,0.01205577044207704
THE RAVEN,7,0.015509748644646267,0.015451871951309322,0.015550699583430486,0.424064299121474,0.52942338069914
THE RAVEN,8,0.009779061753275347,0.20457532482469726,0.00990437490834883,0.19590104592485605,0.5798401925888225
THE RAVEN,9,0.4612518305227708,0.015792207822152998,0.49165078390782546,0.015614805772200353,0.01569037197505039
THE RAVEN,10,0.02036948070383901,0.020577372522854402,0.2814718496117217,0.020620442543615853,0.6569608546179689
THE RAVEN,11,0.010760805031866797,0.010736390886891652,0.010999358897372207,0.01063309984347816,0.9568703453403912
THE RAVEN,12,0.010170169811146813,0.01021120683901639,0.010129630929771587,0.010206310074104401,0.9592826823459608
THE RAVEN,13,0.008515161163405114,0.16364970623878988,0.15621290345616887,0.008614651599823983,0.6630075775418122
THE RAVEN,14,0.012746354661216675,0.4072123906032562,0.5543903620265965,0.012774140331761394,0.012876752377169313
THE RAVEN,15,0.01728123857205127,0.5021291164865516,0.017001949972195396,0.01752003473606649,0.44606766023313543
THE RAVEN,16,0.014389665997990261,0.014399600015757576,0.014479929887314136,0.20219499978570907,0.754535804313229
THE RAVEN,17,0.01274586866372858,0.012781137929697364,0.19510187646834892,0.18986512684950232,0.5895059900887228
THE RAVEN,18,0.42386402935594664,0.02041429110705491,0.020169160195171884,0.020071004860556733,0.5154815144812699
THE ROBBER BRIDEGROOM,0,0.014989519682818959,0.941301796879222,0.014404649020794944,0.01449479746189497,0.014809236955269053
THE ROBBER BRIDEGROOM,1,0.010783067275967936,0.010771330113606075,0.45269959261506504,0.5151226803830922,0.010623329612268771
THE ROBBER BRIDEGROOM,2,0.008520645693129759,0.008529181105391814,0.9660189676094477,0.008524798518820662,0.00840640707321016
THE ROBBER BRIDEGROOM,3,0.3579238731738184,0.4322975329586974,0.195013546911516,0.0074076412904560745,0.007357405665511971
THE ROBBER BRIDEGROOM,4,0.012661336671348049,0.012937908420950696,0.012788942514031577,0.9486574746591254,0.012954337734544361
THE ROBBER BRIDEGROOM,5,0.008863467133972121,0.008890490655490028,0.008780957339849101,0.9646660592436694,0.0087990256270194
THE ROBBER BRIDEGROOM,6,0.2184296039950342,0.008737819908459395,0.008755915929831083,0.755353916515043,0.008722743651632446
THE ROBBER BRIDEGROOM,7,0.5215142093475611,0.008537484264894596,0.45279683464104203,0.008603407218478642,0.008548064528023614
THE ROBBER BRIDEGROOM,8,0.006225533251372506,0.006150496614007565,0.572668091653532,0.0062427494524943655,0.4087131290285936
THE ROBBER BRIDEGROOM,9,0.009279546904680705,0.009195956372152656,0.08826511665501328,0.8840795804050375,0.009179799663115846
THE ROBBER BRIDEGROOM,10,0.007782032550757576,0.007829953079367067,0.1150213067929763,0.8613144222152728,0.008052285361626178
THE SALAD,0,0.6297360943081703,0.009323941792520772,0.34230011006673117,0.009262678774727065,0.00937717505785072
THE SALAD,1,0.6650813420573262,0.30693277394667645,0.009354412688496645,0.009252905775785454,0.00937856553171526
THE SALAD,2,0.9699004604121522,0.007576000268477384,0.00751235252896411,0.007507817551162086,0.007503369239244156
THE SALAD,3,0.7878445207559025,0.19231099333160184,0.0065937858961328715,0.006612353617540248,0.00663834639882254
THE SALAD,4,0.6359542244895137,0.3362858703205729,0.009224402848525583,0.009216663379845717,0.009318838961542036
THE SALAD,5,0.9645661628725264,0.008960779521312759,0.008881728712161679,0.00878901429396829,0.008802314600030932
THE SALAD,6,0.9646493118039486,0.008848506488224876,0.008888703316619834,0.008750900805196362,0.008862577586010306
THE SALAD,7,0.9541953197260099,0.01132644921883551,0.011949562101129806,0.011283071002014427,0.011245597952010269
THE SALAD,8,0.015723273627238625,0.015586593058065357,0.9375532497857597,0.0155134787472357,0.015623404781700715
THE SALAD,9,0.924882422005904,0.01868570416313823,0.018720824801096603,0.018803674988277227,0.01890737404158405
THE SALAD,10,0.9369924808349908,0.015722018819138733,0.015533661330863147,0.015621578393570108,0.016130260621437388
THE SALAD,11,0.6850659909956416,0.009751462595241239,0.009671833524576132,0.009709612649855984,0.285801100234685
THE SALAD,12,0.9591699980804568,0.010091077854876557,0.010253903489771437,0.010152378737889909,0.010332641837005356
THE SALAD,13,0.9661327159589312,0.008413232340326591,0.00846365426119082,0.008488272910197665,0.00850212452935365
THE SALAD,14,0.6459325388332738,0.010663882042236563,0.010774511810117097,0.3218787714242809,0.010750295890091681
THE SALAD,15,0.956821197893637,0.010762737273018009,0.010740806316182417,0.010992006521073948,0.010683251996088813
THE SALAD,16,0.9373390628032339,0.015895943788570323,0.015650094085312212,0.01554743266606797,0.015567466656815505
THE SEVEN RAVENS,0,0.0106926364776013,0.6935195575716074,0.011036012965871488,0.010742980327435142,0.2740088126574846
THE SEVEN RAVENS,1,0.00921725106645566,0.5175543369626562,0.4545296138129442,0.0092893562193733,0.009409441938570531
THE SEVEN RAVENS,2,0.008785906024225439,0.5627894172828735,0.008794411233659311,0.008874566206688226,0.41075569925255356
THE SEVEN RAVENS,3,0.24637719125893343,0.38386002840797623,0.0087654624668176,0.008832949779422875,0.35216436808684987
THE SEVEN RAVENS,4,0.44518435994672095,0.00807556454910681,0.008103816973912766,0.36865842164415263,0.16997783688610685
THE SEVEN RAVENS,5,0.008526110081563915,0.008461552557532942,0.008490769807988229,0.49072836779651613,0.4837931997563989
THE SEVEN RAVENS,6,0.009196554415456921,0.009191039581953574,0.009199036494050513,0.691380073297446,0.281033296211093
THE SEVEN RAVENS,7,0.013710345401082603,0.2120343077492974,0.013627309883298947,0.7469382830661431,0.013689753900177995
THE STORY OF THE YOUTH WHO WENT FORTH TO LEARN WHAT FEAR WAS,0,0.3423831671007596,0.5147022871614753,0.11894181224166545,0.011852887057833068,0.012119846438266581
THE STORY OF THE YOUTH WHO WENT FORTH TO LEARN WHAT FEAR WAS,1,0.9415061751845463,0.014629230316463245,0.014450646515929632,0.014889012357976697,0.014524935625084036
THE STORY OF THE YOUTH WHO WENT FORTH TO LEARN WHAT FEAR WAS,2,0.5417256630891891,0.3337636092115465,0.09709429455915368,0.01370326610014686,0.013713167039963763
THE STORY OF THE YOUTH WHO WENT FORTH TO LEARN WHAT FEAR WAS,3,0.010238802439386126,0.16483264232741032,0.8047115480134814,0.010113306190824798,0.010103701028897452
THE STORY OF THE YOUTH WHO WENT FORTH TO LEARN WHAT FEAR WAS,4,0.009141221410754845,0.009384186882055346,0.963158612409113,0.009146014678891886,0.009169964619184935
THE STORY OF THE YOUTH WHO WENT FORTH TO LEARN WHAT FEAR WAS,5,0.010858933923916457,0.20696705372344282,0.7605405053432301,0.010677920481662224,0.01095558652774839
THE STORY OF THE YOUTH WHO WENT FORTH TO LEARN WHAT FEAR WAS,6,0.2061317072545541,0.5204750633754576,0.25217426034538426,0.010614336951022525,0.01060463207358172
THE STORY OF THE YOUTH WHO WENT FORTH TO LEARN WHAT FEAR WAS,7,0.014596336137345664,0.9418879113522427,0.01441795934196128,0.014585093673264545,0.014512699495186021
THE STORY OF THE YOUTH WHO WENT FORTH TO LEARN WHAT FEAR WAS,8,0.01017807709838114,0.9593924104587922,0.010179262817004943,0.010093917449681897,0.010156332176139673
THE STORY OF THE YOUTH WHO WENT FORTH TO LEARN WHAT FEAR WAS,9,0.011587046437496046,0.954656888162636,0.011258774881445647,0.01116439332139345,0.011332897197028692
THE STORY OF THE YOUTH WHO WENT FORTH TO LEARN WHAT FEAR WAS,10,0.018474847741013854,0.6080513806630233,0.33600950381643485,0.01868158019425668,0.01878268758527154
THE STORY OF THE YOUTH WHO WENT FORTH TO LEARN WHAT FEAR WAS,11,0.014615292720717122,0.9419288900585322,0.014426155719494394,0.014477504126129553,0.014552157375126723
THE STORY OF THE YOUTH WHO WENT FORTH TO LEARN WHAT FEAR WAS,12,0.2527321316927489,0.7006496535239867,0.01559633189767738,0.01553148117549597,0.015490401710091119
THE STORY OF THE YOUTH WHO WENT FORTH TO LEARN WHAT FEAR WAS,13,0.009930891572208597,0.7088547325817445,0.26169997211879087,0.009704898210858908,0.00980950551639716
THE STORY OF THE YOUTH WHO WENT FORTH TO LEARN WHAT FEAR WAS,14,0.007232899022717741,0.6803538081493714,0.0072400480489335246,0.007218824724065115,0.2979544200549122
THE STORY OF THE YOUTH WHO WENT FORTH TO LEARN WHAT FEAR WAS,15,0.015773436230354237,0.6935291695089864,0.015729179112129968,0.0157707796710506,0.2591974354774789
THE STORY OF THE YOUTH WHO WENT FORTH TO LEARN WHAT FEAR WAS,16,0.018670501337590677,0.018467216054917822,0.9259854469238916,0.018363654059591675,0.018513181624008165
THE STORY OF THE YOUTH WHO WENT FORTH TO LEARN WHAT FEAR WAS,17,0.018438836155672975,0.018488375587149476,0.9263575002446475,0.018377226998591352,0.018338061013938842
THE STORY OF THE YOUTH WHO WENT FORTH TO LEARN WHAT FEAR WAS,18,0.01023211755505747,0.010265140404544867,0.9589377743013742,0.010200790172701868,0.01036417756632148
THE STORY OF THE YOUTH WHO WENT FORTH TO LEARN WHAT FEAR WAS,19,0.014518868919778109,0.9419987837367099,0.014588068778526399,0.014338959179201886,0.014555319385783645
THE STORY OF THE YOUTH WHO WENT FORTH TO LEARN WHAT FEAR WAS,20,0.012683122839270306,0.5008725874367359,0.46107193934590907,0.01259747684826386,0.012774873529820792
THE STORY OF THE YOUTH WHO WENT FORTH TO LEARN WHAT FEAR WAS,21,0.012593431144087137,0.9490204686342286,0.012997794575569795,0.012578245311655677,0.01281006033445876
THE STORY OF THE YOUTH WHO WENT FORTH TO LEARN WHAT FEAR WAS,22,0.017002520243304266,0.7824258076420711,0.016884876618085583,0.16661174369084183,0.01707505180569713
THE STORY OF THE YOUTH WHO WENT FORTH TO LEARN WHAT FEAR WAS,23,0.011372080466982475,0.41549068537369266,0.1869569101291824,0.37494817163489813,0.011232152395244322
THE STORY OF THE YOUTH WHO WENT FORTH TO LEARN WHAT FEAR WAS,24,0.015748561005075778,0.7330399773827424,0.0158456899777114,0.21956376104135036,0.015802010593120124
THE STORY OF THE YOUTH WHO WENT FORTH TO LEARN WHAT FEAR WAS,25,0.01832586041708823,0.9264216578499558,0.01837489724293323,0.018242838266412646,0.018634746223610322
THE STORY OF THE YOUTH WHO WENT FORTH TO LEARN WHAT FEAR WAS,26,0.00960981107565366,0.961363397376451,0.009713240905835254,0.009555699317911961,0.009757851324147963
THE STORY OF THE YOUTH WHO WENT FORTH TO LEARN WHAT FEAR WAS,27,0.01140117269115651,0.9543492460597653,0.011239432711041787,0.01153312376977858,0.011477024768257942
THE STORY OF THE YOUTH WHO WENT FORTH TO LEARN WHAT FEAR WAS,28,0.01567139317087382,0.6859684121983554,0.01558087959259083,0.015468443957848781,0.2673108710803312
"THE STRAW, THE COAL, AND THE BEAN",0,0.4467745783696615,0.013414091031636129,0.5127143821657116,0.013562905130247823,0.013534043302742856
"THE STRAW, THE COAL, AND THE BEAN",1,0.6458606688878787,0.014554189567554426,0.3103562574086309,0.014541298538069316,0.014687585597866743
"THE STRAW, THE COAL, AND THE BEAN",2,0.17220472584681787,0.014618950228057535,0.4297007016079067,0.014613964713397461,0.3688616576038205
"THE STRAW, THE COAL, AND THE BEAN",3,0.015747735986058175,0.015640994956238406,0.44940875594624363,0.01549433869315226,0.5037081744183075
THE THREE LANGUAGES,0,0.008373899986331541,0.5309071115375193,0.10595443876310526,0.3462535698714636,0.008510979841580293
THE THREE LANGUAGES,1,0.007282420851938816,0.6918363380630052,0.0072609949051574965,0.2863859874576372,0.007234258722261346
THE THREE LANGUAGES,2,0.009184162366363184,0.9631583208697352,0.009225989561179447,0.009150034927168666,0.009281492275553613
THE THREE LANGUAGES,3,0.013410856811444015,0.2985759005477279,0.6609922694211139,0.013474366307212868,0.013546606912501353
THE THREE LANGUAGES,4,0.01381059805855878,0.5901921810770104,0.3686830947283182,0.013512943405543315,0.013801182730569229
THE THREE LANGUAGES,5,0.015827859837163977,0.3595845755948753,0.016200997142636682,0.26249922044297136,0.3458873469823529
THE THREE LANGUAGES,6,0.01568000036701886,0.015773813003237686,0.29475011966307546,0.01560401955366824,0.6581920474129997
THE TRAVELLING MUSICIANS,0,0.009801510261442414,0.009698309289419128,0.009634965697676174,0.6730367848028692,0.297828429948593
THE TRAVELLING MUSICIANS,1,0.010279107699728774,0.01009998384522338,0.46630780146520356,0.28336175680676995,0.22995135018307428
THE TRAVELLING MUSICIANS,2,0.009672344847392577,0.0096542776377928,0.32548062771768066,0.33881392508633934,0.3163788247107946
THE TRAVELLING MUSICIANS,3,0.10637766808514758,0.008471837164293786,0.12041825073816358,0.3282846293400474,0.4364476146723477
THE TRAVELLING MUSICIANS,4,0.009290001198395221,0.00928015774660298,0.3870933133824238,0.5850521750046546,0.009284352667923391
THE TRAVELLING MUSICIANS,5,0.008438585275979722,0.00839373024469859,0.008425744173706815,0.9662257417611764,0.008516198544438426
THE TRAVELLING MUSICIANS,6,0.008081501787063676,0.008090789215028283,0.008064717488811818,0.9677311885383493,0.008031802970747041
THE TRAVELLING MUSICIANS,7,0.012877855987017264,0.01252723618545695,0.27874753924076723,0.6831210986443516,0.012726269942407102
THE TRAVELLING MUSICIANS,8,0.011943572716478904,0.011931295739650738,0.598685849172731,0.36549256192556323,0.011946720445576126
THE TRAVELLING MUSICIANS,9,0.6861385658391161,0.009714817818317976,0.00985431281978398,0.2846606291552344,0.009631674367547334
THE TRAVELLING MUSICIANS,10,0.029159232040418072,0.028832671583120882,0.028802612396974913,0.8845953657006332,0.028610118278852913
THE TURNIP,0,0.015682217080944267,0.6158015066976117,0.015574377990986389,0.015643649960205657,0.3372982482702519
THE TURNIP,1,0.014531164670555242,0.3723532217407964,0.014368158293369144,0.014532038802740557,0.5842154164925387
THE TURNIP,2,0.011387821157770423,0.3804638083469211,0.011234421805797609,0.011230947909423656,0.5856830007800873
THE TURNIP,3,0.08453337495164971,0.08726749172093523,0.00916240075571998,0.00929546612478209,0.809741266446913
THE TURNIP,4,0.2692833244912205,0.010918796380554503,0.2322272140722108,0.010755404553701595,0.4768152605023125
THE TURNIP,5,0.009309658646485577,0.009319404510343033,0.29762775789263696,0.00920292739281876,0.6745402515577157
THE TURNIP,6,0.3208894561796693,0.011363689287054906,0.011443924515182568,0.01142448316760755,0.6448784468504857
THE TURNIP,7,0.012739872755014234,0.012709033598397588,0.012640978836765088,0.01262011285145097,0.9492900019583722
THE TURNIP,8,0.011386424526765328,0.1820733534593264,0.011428049210219551,0.011310721847016803,0.7838014509566719
THE TWELVE DANCING PRINCESSES,0,0.009716772410121442,0.9609192196843858,0.009620387461158588,0.009662892477349217,0.010080727966985139
THE TWELVE DANCING PRINCESSES,1,0.008512102859629273,0.17273948879547965,0.008402174359339072,0.008447149292614586,0.8018990846929374
THE TWELVE DANCING PRINCESSES,2,0.09380167152790259,0.010185988117250525,0.08910568805609263,0.010228818495038074,0.7966778338037162
THE TWELVE DANCING PRINCESSES,3,0.011191955037341354,0.011240348966956417,0.011256935570288295,0.011285219543385665,0.9550255408820282
THE TWELVE DANCING PRINCESSES,4,0.015601569212792826,0.01570608685975524,0.015633743042383127,0.01583599547381114,0.9372226054112577
THE TWELVE DANCING PRINCESSES,5,0.6170735649194851,0.009862727147996086,0.009893362576723639,0.009823587677685415,0.35334675767810986
THE TWELVE DANCING PRINCESSES,6,0.24704851635398142,0.2655318532868424,0.3036185712831033,0.010083764707446445,0.17371729436862648
THE TWELVE DANCING PRINCESSES,7,0.4509189945635101,0.008116824787338476,0.00807971278948927,0.008039192502183181,0.5248452753574789
THE TWELVE DANCING PRINCESSES,8,0.008401347560577121,0.008353267427538584,0.00835657788191211,0.008447522745033437,0.9664412843849387
THE TWELVE DANCING PRINCESSES,9,0.00799680082713062,0.007900361015632946,0.007856010643872712,0.007868392517231431,0.9683784349961324
THE TWELVE DANCING PRINCESSES,10,0.010786238434736927,0.010804549477974566,0.010916892452302318,0.010705751506792666,0.9567865681281934
THE TWELVE DANCING PRINCESSES,11,0.34266096917877126,0.009825674938298425,0.009818606135582698,0.009568334032859893,0.6281264157144878
THE TWELVE HUNTSMEN,0,0.011190855469480994,0.9545100031547408,0.011141120564670174,0.011416864673334248,0.01174115613777407
THE TWELVE HUNTSMEN,1,0.00893820435842228,0.730714739278708,0.008808823046013646,0.008790983757104779,0.2427472495597513
THE TWELVE HUNTSMEN,2,0.00957820068618703,0.3221847559814423,0.009718200787187612,0.009609959255121992,0.6489088832900611
THE TWELVE HUNTSMEN,3,0.010548049490783758,0.010683681766005869,0.010655019441431617,0.010626008919795314,0.9574872403819835
THE TWELVE HUNTSMEN,4,0.008768591856195359,0.00889282686549202,0.008958292581667705,0.008758156591435994,0.964622132105209
THE TWELVE HUNTSMEN,5,0.011812165061360744,0.012135996324806029,0.012034687921013917,0.01187406059975492,0.9521430900930644
THE TWELVE HUNTSMEN,6,0.009591736437162249,0.009803237369880768,0.009660134180199918,0.009629814200674568,0.9613150778120826
THE TWELVE HUNTSMEN,7,0.01199740867050605,0.6008207181890042,0.01194155195194613,0.012092460504196118,0.36314786068434773
THE VALIANT LITTLE TAILOR,0,0.4365756318059843,0.00927788722997129,0.3120293999439678,0.009274896320370228,0.2328421846997064
THE VALIANT LITTLE TAILOR,1,0.38671488584897634,0.013671635570660538,0.39067674803780095,0.013552264142003676,0.19538446640055862
THE VALIANT LITTLE TAILOR,2,0.012671143991331159,0.012509908679988318,0.7632568875385349,0.19894091991687754,0.012621139873268064
THE VALIANT LITTLE TAILOR,3,0.6567261352781086,0.011350045170615684,0.30881928205113507,0.01159571851306991,0.011508818987070768
THE VALIANT LITTLE TAILOR,4,0.011328651285243407,0.011428170059742566,0.4247272507888137,0.011330472947858224,0.5411854549183422
THE VALIANT LITTLE TAILOR,5,0.08597007970874956,0.1539384299121805,0.7398022478333315,0.01006308601621029,0.01022615652952797
THE VALIANT LITTLE TAILOR,6,0.012682998311136576,0.012820202215393588,0.9492946870591641,0.01258562551152894,0.01261648690277669
THE VALIANT LITTLE TAILOR,7,0.00751246189028264,0.20098515209277523,0.7765097755533298,0.007447023398751271,0.007545587064861122
THE VALIANT LITTLE TAILOR,8,0.009147691580942658,0.009125746814460566,0.9635013435586244,0.009095188557888724,0.00913002948808373
THE VALIANT LITTLE TAILOR,9,0.010088864448881754,0.010151260696661895,0.9596531094623698,0.010011768203050254,0.010094997189036288
THE VALIANT LITTLE TAILOR,10,0.010116608520380498,0.010300379195398748,0.9593876457564111,0.010064708746295604,0.010130657781514013
THE VALIANT LITTLE TAILOR,11,0.010224809056345326,0.010255063110835322,0.9591829260621524,0.010105524452582573,0.010231677318084364
THE VALIANT LITTLE TAILOR,12,0.01055841163449947,0.24013321059696788,0.3268750314373998,0.010599880607513181,0.4118334657236196
THE VALIANT LITTLE TAILOR,13,0.01294148696023302,0.4506090380797762,0.2918120352823549,0.012631626323686473,0.23200581335394932
THE VALIANT LITTLE TAILOR,14,0.008197889413573682,0.24564853039844947,0.36778243655653914,0.008038262046577656,0.37033288158486
THE VALIANT LITTLE TAILOR,15,0.01013231494818883,0.010331529703306613,0.719464955410217,0.010216398066994602,0.24985480187129294
THE VALIANT LITTLE TAILOR,16,0.012639088836989403,0.012651312990190332,0.8656251097669659,0.09628875258623186,0.012795735819622511
THE VALIANT LITTLE TAILOR,17,0.10403800161763513,0.011272479888139843,0.8622083937905202,0.011268030573149315,0.011213094130555748
THE VALIANT LITTLE TAILOR,18,0.1354613836859067,0.18797275901818356,0.6426333249251378,0.016938266193616516,0.016994266177155385
THE VALIANT LITTLE TAILOR,19,0.01125930606014723,0.3904456813759806,0.5756258576441994,0.011263198495185887,0.011405956424487178
THE VALIANT LITTLE TAILOR,20,0.013471616993839596,0.09388387355899497,0.8655386823170981,0.01369339396825254,0.013412433161814742
THE VALIANT LITTLE TAILOR,21,0.009134769698519587,0.009224960790681653,0.9633059855176368,0.009119100929735452,0.009215183063426441
THE VALIANT LITTLE TAILOR,22,0.010182149600932479,0.17223022372803376,0.7969887635504078,0.010128400721247868,0.010470462399377956
THE VALIANT LITTLE TAILOR,23,0.008950810996247914,0.5324908931863105,0.44082230435574093,0.008800171778786645,0.008935819682913893
THE VALIANT LITTLE TAILOR,24,0.2878350371161777,0.010414119759184569,0.49134558440053105,0.01010584614155308,0.20029941258255354
THE VALIANT LITTLE TAILOR,25,0.013381845885297805,0.4389845159061159,0.5205412183856881,0.013473283855117821,0.01361913596778029
THE WATER OF LIFE,0,0.010848295130993415,0.7032823444440708,0.0107224068560649,0.010960756329529054,0.2641861972393419
THE WATER OF LIFE,1,0.009268948443002412,0.009334990213041478,0.00915068295504872,0.009167151893862949,0.9630782264950445
THE WATER OF LIFE,2,0.010155284759483595,0.010183209098381787,0.19729421631639535,0.010297262887189849,0.7720700269385493
THE WATER OF LIFE,3,0.007223179945220569,0.39499577565431865,0.007269896695818185,0.007298563417798173,0.5832125842868444
THE WATER OF LIFE,4,0.008071281952222167,0.07023516643363117,0.008034022366610985,0.008088964398850674,0.905570564848685
THE WATER OF LIFE,5,0.008439485858621504,0.008471967925133004,0.008371172516880668,0.008388997931572046,0.9663283757677928
THE WATER OF LIFE,6,0.007082930221525288,0.006989969759873331,0.006978736226434858,0.00696857525277964,0.9719797885393868
THE WATER OF LIFE,7,0.08315775213530703,0.00919648267086103,0.009295646264337671,0.00923705201002723,0.8891130669194671
THE WATER OF LIFE,8,0.01349068620655976,0.013583053918222015,0.013924522309351916,0.013494669196327122,0.9455070683695392
THE WATER OF LIFE,9,0.007571473878924694,0.0075415239339794585,0.007507574976607217,0.007544546992774374,0.9698348802177142
THE WATER OF LIFE,10,0.010550201216262428,0.010592603958833878,0.010545282666838771,0.010576556850179046,0.957735355307886
THE WATER OF LIFE,11,0.007548625447581131,0.0076169842254667506,0.0075515073128710015,0.007471775758098602,0.9698111072559824
THE WATER OF LIFE,12,0.010652896676499242,0.26020744943558316,0.010571279705006811,0.010570561569799639,0.7079978126131111
THE WATER OF LIFE,13,0.011922408669042924,0.302320430254833,0.011906192825784898,0.011873670708325408,0.6619772975420136
THE WATER OF LIFE,14,0.010165184119509767,0.22309157283387662,0.010164887615705108,0.010151022794312379,0.746427332636596
THE WATER OF LIFE,15,0.0092917448960324,0.3306266992877921,0.009240998610082525,0.00926867497480204,0.6415718822312909
THE WATER OF LIFE,16,0.0067619748209465915,0.3440857643551111,0.00671019158291235,0.006738129372058827,0.6357039398689711
THE WATER OF LIFE,17,0.01195837260808706,0.178816481538264,0.011943764335526817,0.0118010882049585,0.7854802933131637
THE WATER OF LIFE,18,0.012813911311698328,0.012860673136035717,0.16973742891039445,0.012753383071250991,0.7918346035706205
THE WATER OF LIFE,19,0.009709627754376862,0.16144427594712887,0.06376189154268476,0.009606644332778379,0.7554775604230312
THE WATER OF LIFE,20,0.009286084227127208,0.32991237423034975,0.009129617162962405,0.009114557380661671,0.6425573669988989
THE WATER OF LIFE,21,0.01275779244681246,0.3102637798697498,0.012587775671920366,0.01257270856890595,0.6518179434426115
THE WEDDING OF MRS. FOX - PART I,0,0.1668380890239618,0.011333239598722752,0.7993080834741876,0.011280310084847808,0.011240277818279935
THE WEDDING OF MRS. FOX - PART I,1,0.008841492557052535,0.008758153693716322,0.9648535082849469,0.008790990604828379,0.008755854859456054
THE WEDDING OF MRS. FOX - PART I,2,0.008792067367306913,0.008775071573705722,0.964894202794951,0.00879399505224187,0.008744663211794514
THE WEDDING OF MRS. FOX - PART II,0,0.006792166304071589,0.006714795421961082,0.972975384141637,0.006795906943871214,0.006721747188459055
THE WEDDING OF MRS. FOX - PART II,1,0.007636396339654722,0.007661230785754463,0.9695386128278584,0.007608189800665448,0.0075555702460669664
THE WEDDING OF MRS. FOX - PART II,2,0.010253836676110541,0.16933938986774827,0.5769691589886015,0.2332549270798538,0.010182687387685834
THE WHITE SNAKE,0,0.00964311284608623,0.009734980303544047,0.009658847633011097,0.6094282661198503,0.3615347930975083
THE WHITE SNAKE,1,0.28237082133756264,0.011225289094522289,0.011802383286784424,0.6831989077501353,0.01140259853099542
THE WHITE SNAKE,2,0.009821042675297615,0.3647967294155139,0.0097299754130921,0.009726986077085277,0.6059252664190111
THE WHITE SNAKE,3,0.009739422813275632,0.009684799606215986,0.2694373520799137,0.7013313951570523,0.009807030343542408
THE WHITE SNAKE,4,0.010700028540520365,0.010744617371098135,0.01060565852985027,0.29750701519046824,0.6704426803680631
THE WHITE SNAKE,5,0.011333322282021557,0.011248997283728836,0.9546992999350467,0.011322459297453635,0.011395921201749436
THE WHITE SNAKE,6,0.011282363935025297,0.01117854934342653,0.9549212578306843,0.011295351757827204,0.011322477133036859
THE WHITE SNAKE,7,0.008267998703637456,0.6320031229446452,0.008123536460613156,0.008089252696776034,0.3435160891943281
THE WHITE SNAKE,8,0.4022526442194652,0.2064911858952909,0.01134006025046628,0.0112586521693568,0.36865745746542083
THE WHITE SNAKE,9,0.23569336190018145,0.5134898164888783,0.1361292679242572,0.009605552282055695,0.10508200140462762
THE WHITE SNAKE,10,0.011265560464413585,0.7787647914668736,0.18747662000734677,0.011208114525994666,0.011284913535371303
THE WHITE SNAKE,11,0.008401491731368563,0.6290421264626768,0.34618155269842893,0.0081755000119163,0.008199329095609418
THE WHITE SNAKE,12,0.02241683815135862,0.5431958311407565,0.022825189880308846,0.02297430095588138,0.3885878398716947
THE WILLOW-WREN AND THE BEAR,0,0.007793392594056595,0.007951185008422292,0.9685468111731402,0.007781656836886174,0.007926954387494781
THE WILLOW-WREN AND THE BEAR,1,0.008816699834208222,0.008892333216551305,0.9646181964269123,0.008811946506946399,0.008860824015381933
THE WILLOW-WREN AND THE BEAR,2,0.011210650725180186,0.011280717533003283,0.9550321844334956,0.01121554068721289,0.011260906621107913
THE WILLOW-WREN AND THE BEAR,3,0.009135822523384698,0.009171514639251198,0.9633965398169055,0.009169585303820739,0.00912653771663786
THE WILLOW-WREN AND THE BEAR,4,0.012656626807311513,0.012625451860588038,0.9496033421778376,0.012575001849487705,0.012539577304775224
THE WILLOW-WREN AND THE BEAR,5,0.008804319337780812,0.008773971275995503,0.9646469038414585,0.008983672667612425,0.008791132877152845
THE WILLOW-WREN AND THE BEAR,6,0.010234727080670776,0.010255965360975462,0.9591608791786623,0.010179166019998276,0.010169262359693145
THE WOLF AND THE SEVEN LITTLE KIDS,0,0.5985136998575689,0.008290422682749897,0.008148430711224012,0.3769229656176245,0.00812448113083264
THE WOLF AND THE SEVEN LITTLE KIDS,1,0.9686805936019096,0.007804627475419065,0.007885641689823576,0.007910859315856764,0.007718277916991126
THE WOLF AND THE SEVEN LITTLE KIDS,2,0.9645649588577062,0.008775126636121488,0.008975021642006498,0.008894785283016167,0.008790107581149622
THE WOLF AND THE SEVEN LITTLE KIDS,3,0.9641754288019203,0.008926082829386622,0.008924894104100514,0.009058926812094276,0.008914667452497978
THE WOLF AND THE SEVEN LITTLE KIDS,4,0.40307174393047057,0.14585424924324025,0.27883313919671693,0.15861635795286091,0.013624509676711392
THE WOLF AND THE SEVEN LITTLE KIDS,5,0.46707433646443053,0.013557481934071958,0.3328049093128806,0.17295139219687083,0.013611880091746053
THE WOLF AND THE SEVEN LITTLE KIDS,6,0.011286466588826856,0.011216359608419943,0.23028067685736406,0.7359881930751216,0.011228303870267652
THE WOLF AND THE SEVEN LITTLE KIDS,7,0.010675098875718401,0.13067664821697955,0.011072401700590942,0.8368491833169495,0.010726667889761543
THE WOLF AND THE SEVEN LITTLE KIDS,8,0.01888791676244515,0.0189193957677876,0.018563328189136537,0.924759650505034,0.01886970877559681
TOM THUMB,0,0.9516304201575178,0.012295277203555355,0.01206854767462058,0.011909201901968574,0.012096553062337903
TOM THUMB,1,0.19496530396814596,0.463517673902201,0.30735874181513445,0.01722806092866844,0.01693021938585017
TOM THUMB,2,0.0701282371392586,0.5012889607573845,0.0076361046308921965,0.007640012020910008,0.41330668545155463
TOM THUMB,3,0.009640676918968374,0.30291418732150366,0.00972564462770655,0.009712882483673543,0.6680066086481479
TOM THUMB,4,0.10947912108477888,0.45067227150285816,0.16035581920724867,0.010754358956453854,0.2687384292486605
TOM THUMB,5,0.22366236425619573,0.7438852106989075,0.01069769525494925,0.010866783197692064,0.010887946592255521
TOM THUMB,6,0.010737303308430453,0.9571540955481909,0.010582337653417742,0.010670894014312763,0.010855369475648156
TOM THUMB,7,0.013599094747496338,0.9457037540656414,0.013436580995123739,0.01369340246119975,0.013567167730538813
TOM THUMB,8,0.008933116488455422,0.8953982807437485,0.07794147236354974,0.008844474834588736,0.008882655569657756
TOM THUMB,9,0.013778224303262965,0.9452248394758553,0.013720360855774678,0.013681200799088673,0.013595374566018364
TOM THUMB,10,0.16977748111314966,0.28470939054787314,0.5227169567866743,0.011222284685858609,0.011573886866444373
TOM THUMB,11,0.008208981682348385,0.4419449884729378,0.2196894315023659,0.3219953843256138,0.008161214016734116
TOM THUMB,12,0.3967552858741124,0.013628585246893086,0.013478302350979542,0.5624782464439184,0.013659580084096498
TOM THUMB,13,0.01303914952592524,0.012731270861423869,0.012744995145973182,0.4522955911331501,0.5091889933335275
TOM THUMB,14,0.010066862701013923,0.42178580458029136,0.010160126352290806,0.5477657931597552,0.010221413206648777
TOM THUMB,15,0.46515199725931955,0.011391199220365193,0.33203289286586024,0.18010415365761576,0.01131975699683928
TOM THUMB,16,0.5833402398957986,0.37567245023048224,0.013818424043088667,0.013697442527626462,0.013471443303003938
TOM THUMB,17,0.009723580136396147,0.7959936747053832,0.17489888407155213,0.00977705582158682,0.00960680526508171
TOM THUMB,18,0.012751776580950858,0.6867522307149773,0.2747930525046031,0.012790337072372444,0.012912603127096281
TOM THUMB,19,0.016966041550258243,0.29484960987647824,0.017066767647825446,0.017322351040742444,0.6537952298846956
